ID,CustName,CustAddress,OrderDate
1,Mary Hudson,1001 6th ,11/12/2013
2,Helen Owen,1002 7th ,8/21/2013
3,Ruth Hunt,1003 8th ,10/19/2013
4,Dorothy Morris,1004 6th ,12/2/2013
5,Mildred Butler,1005 8th ,3/22/2013
6,Margaret Mason,1006 3rd ,4/25/2013
7,Thelma Lawrence,1007 3rd ,9/17/2013
8,Edna West,1008 Apache,9/22/2013
9,Martha Baker,1009 9th ,11/24/2013
10,Hazel Cox,1010 Airport,11/1/2013
11,Alice Saunders,1011 Aloha,12/22/2013
12,Elizabeth Ward,1012 Apache,5/3/2013
13,Frances Richardson,1013 Aloha,2/18/2013
14,Marie Cook,1014 9th ,7/7/2013
15,Anna Price,1015 Airport,4/21/2013
16,Florence Brooks,1016 9th ,12/15/2013
17,Edith Phillips,1017 8th ,1/19/2013
18,Esther Stone,1018 9th ,10/2/2013
19,Irene Lawson,1019 5th ,7/6/2013
20,Evelyn Dean,1020 7th ,9/2/2013
21,Louise Fox,1021 3rd ,6/18/2013
22,Virginia Hamilton,1022 4th ,11/15/2013
23,Gladys Morris,1023 8th ,1/20/2013
24,Pauline Price,1024 8th ,6/24/2013
25,Lucille Harrison,1025 3rd ,3/9/2013
26,Catherine Brooks,1026 5th ,7/7/2013
27,Lillian Atkinson,1027 5th ,7/28/2013
28,Josephine Fox,1028 Airport,4/17/2013
29,Clara Morgan,1029 8th ,4/5/2013
30,Grace Hall,1030 6th ,11/9/2013
31,Mabel Ward,1031 9th ,7/25/2013
32,Ruby Wilkinson,1032 4th ,8/6/2013
33,Nellie Grant,1033 3rd ,2/19/2013
34,Ethel Thompson,1034 8th ,12/16/2013
35,Gertrude Gray,1035 3rd ,3/12/2013
36,Bernice Cook,1036 4th ,11/12/2013
37,Agnes Wilkinson,1037 7th ,1/14/2013
38,Eva Evans,1038 4th ,7/28/2013
39,Rose Knight,1039 Aloha,9/21/2013
40,Alma Gordon,1040 3rd ,8/26/2013
41,Opal Andrews,1041 5th ,2/9/2013
42,Elsie Butler,1042 4th ,12/22/2013
43,Betty Palmer,1043 Apache,10/3/2013
44,Emma Walker,1044 8th ,7/4/2013
45,Viola Parker,1045 9th ,4/2/2013
46,Beulah Matthews,1046 Aloha,6/27/2013
47,Laura Kelly,1047 Apache,9/11/2013
48,Bertha Lane,1048 Airport,6/14/2013
49,Doris Marshall,1049 8th ,6/3/2013
50,Loretta Bennett,1050 Aloha,5/25/2013
51,Blanche Spencer,1051 4th ,8/10/2014
52,Violet Atkinson,1052 8th ,3/25/2015
53,Beatrice Reid,1053 4th ,1/4/2014
54,Lois Thomson,1054 4th ,2/11/2014
55,Velma Lawson,1055 6th ,4/20/2014
56,Bessie Ryan,1056 Apache,12/7/2014
57,Genevieve Cunningham,1057 Airport,4/18/2015
58,Goldie Poole,1058 9th ,12/19/2014
59,Inez Turner,1059 Aloha,3/23/2015
60,Pearl Collins,1060 Apache,8/18/2014
61,Sarah Lane,1061 6th ,12/4/2015
62,Wilma Wright,1062 8th ,12/17/2015
63,Katherine Parker,1063 Airport,4/4/2014
64,Marjorie Baker,1064 4th ,10/14/2015
65,Leona Matthews,1065 4th ,6/19/2015
66,Marguerite Robinson,1066 7th ,12/8/2014
67,Vera Thomson,1067 5th ,4/7/2015
68,Kathryn Poole,1068 3rd ,11/6/2015
69,Ann Gray,1069 9th ,4/3/2014
70,Georgia Davis,1070 7th ,12/23/2014
71,Julia Griffiths,1071 8th ,11/25/2015
72,Fern Cook,1072 Aloha,1/14/2015
73,Naomi Bennett,1073 Airport,7/19/2014
74,Lucile Bennett,1074 4th ,4/7/2014
75,Olive Berry,1075 5th ,7/8/2015
76,Myrtle Barker,1076 8th ,1/24/2014
77,Geraldine Berry,1077 6th ,3/11/2015
78,Jean Lloyd,1078 Airport,8/27/2015
79,Alberta King,1079 4th ,11/6/2014
80,Ida Thomson,1080 Aloha,10/1/2014
81,Charlotte Harris,1081 3rd ,1/27/2015
82,Stella Fox,1082 3rd ,6/6/2014
83,Sylvia Kennedy,1083 8th ,2/20/2015
84,Eleanor Reynolds,1084 8th ,10/1/2015
85,Hilda Lewis,1085 3rd ,5/11/2015
86,Jessie Wells,1086 4th ,11/27/2015
87,Marian Thomson,1087 5th ,6/27/2014
88,Maxine Parker,1088 7th ,9/18/2015
89,Vivian Chapman,1089 Aloha,7/17/2015
90,Mae Marshall,1090 Airport,10/3/2014
91,Minnie Davis,1091 9th ,5/14/2014
92,Ella Watson,1092 3rd ,7/22/2014
93,Lola Berry,1093 Apache,6/2/2014
94,Mable Pearce,1094 Apache,3/13/2014
95,Berniece Williams,1095 Aloha,1/11/2015
96,Della Powell,1096 Apache,4/5/2014
97,Freda Reid,1097 5th ,5/16/2015
98,Iva Lane,1098 7th ,2/4/2015
99,Verna Gardner,1099 9th ,10/13/2015
100,Audrey Campbell,1100 9th ,5/2/2014
101,Dora Ross,1101 Airport,7/11/2014
102,Jane Cunningham,1102 Aloha,10/2/2015
103,June Bell,1103 8th ,8/25/2015
104,Alta Jenkins,1104 6th ,4/21/2015
105,Cora Dixon,1105 8th ,6/18/2014
106,Geneva Dixon,1106 4th ,8/8/2014
107,Hattie Hart,1107 Apache,12/3/2015
108,Juanita Thomson,1108 7th ,2/28/2015
109,Lena Butler,1109 5th ,5/19/2015
110,Marion James,1110 Aloha,3/5/2015
111,Flora Webb,1111 7th ,4/16/2014
112,Kathleen Johnston,1112 Apache,3/20/2014
113,Daisy Lawson,1113 5th ,12/14/2014
114,Dorothea Booth,1114 9th ,9/15/2015
115,Ellen Mitchell,1115 Apache,1/12/2014
116,Lucy Fisher,1116 7th ,1/2/2014
117,Lula Gardner,1117 Airport,9/15/2015
118,Ada Hunter,1118 8th ,2/10/2014
119,Caroline Harris,1119 Airport,2/25/2015
120,Carolyn Butler,1120 Apache,4/14/2015
121,Crystal Poole,1121 4th ,1/28/2014
122,Norma Brown,1122 Airport,12/9/2014
123,Rachel Lawson,1123 8th ,6/2/2015
124,Roberta Harvey,1124 4th ,5/2/2014
125,Dorotha Hunter,1125 3rd ,5/15/2014
126,Henrietta James,1126 Airport,7/10/2015
127,Lela Andrews,1127 3rd ,4/5/2015
128,Lorene Stone,1128 3rd ,3/18/2015
129,Marcella Rogers,1129 7th ,6/4/2014
130,Maude Dawson,1130 7th ,12/21/2015
131,Nora Bell,1131 9th ,2/3/2014
132,Anne Thomson,1132 Airport,12/14/2014
133,Bonnie Pearson,1133 6th ,4/20/2014
134,Faye Johnston,1134 Apache,12/27/2014
135,Harriet Griffiths,1135 6th ,2/10/2014
136,Isabelle Macdonald,1136 9th ,8/26/2015
137,Lydia Barnes,1137 9th ,10/28/2015
138,Wanda Ross,1138 9th ,2/2/2014
139,Barbara Lewis,1139 4th ,6/17/2015
140,Carrie Price,1140 4th ,10/21/2014
141,Helene Scott,1141 6th ,8/9/2014
142,Janet Thomas,1142 3rd ,8/18/2015
143,Jennie Harper,1143 5th ,1/16/2015
144,Luella Thomson,1144 Apache,11/4/2014
145,Miriam Russell,1145 Airport,5/15/2014
146,Nettie Kaur,1146 3rd ,2/22/2015
147,Nina Barker,1147 Apache,1/22/2014
148,Amelia Evans,1148 Airport,6/25/2015
149,Christine Anderson,1149 Airport,2/20/2015
150,Erma Dixon,1150 7th ,5/26/2014
151,Estella Hamilton,1151 6th ,5/13/2014
152,Fannie Patel,1152 4th ,4/22/2015
153,Fay Owen,1153 6th ,7/4/2014
154,Garnet Lawrence,1154 6th ,11/15/2015
155,Hallie Reynolds,1155 Airport,7/9/2014
156,Janice Wilson,1156 Airport,11/15/2014
157,Jeanette King,1157 8th ,7/22/2015
158,Lillie Cooper,1158 Airport,1/1/2014
159,Pansy Pearce,1159 9th ,10/26/2015
160,Susie Lawrence,1160 Airport,7/23/2015
161,Annabelle Cunningham,1161 Airport,12/10/2014
162,Eileen Powell,1162 8th ,4/14/2014
163,Eunice Carter,1163 Apache,9/17/2014
164,Flossie Thomas,1164 Airport,12/1/2015
165,Lenora Brooks,1165 6th ,7/12/2015
166,Leota Ellis,1166 3rd ,9/20/2015
167,Lorena Kennedy,1167 4th ,5/5/2014
168,Lottie James,1168 8th ,7/22/2014
169,May Rose,1169 9th ,3/19/2015
170,Nancy Webb,1170 3rd ,6/22/2015
171,Veronica Bell,1171 Airport,6/3/2014
172,Amy Russell,1172 5th ,7/26/2014
173,Cleo Campbell,1173 6th ,7/27/2014
174,Dolores Russell,1174 3rd ,12/5/2015
175,Gretchen Williams,1175 Airport,4/16/2015
176,Harriett Griffiths,1176 9th ,7/4/2015
177,Imogene Stevens,1177 5th ,7/14/2014
178,Irma Mitchell,1178 9th ,2/18/2014
179,Jeannette Bell,1179 3rd ,3/25/2015
180,Lorraine Williams,1180 Apache,5/18/2014
181,Madeline Dawson,1181 Airport,5/15/2015
182,Mamie Evans,1182 Aloha,11/7/2015
183,Patricia Mills,1183 4th ,11/9/2014
184,Phyllis Shaw,1184 Apache,9/26/2014
185,Tillie Dawson,1185 Aloha,3/26/2014
186,Winifred Wells,1186 9th ,1/12/2015
187,Cecelia Gardner,1187 Apache,3/24/2015
188,Cecile Atkinson,1188 3rd ,1/7/2014
189,Clarice Reid,1189 Apache,10/3/2014
190,Essie Wells,1190 Aloha,12/13/2014
191,Etta Cox,1191 9th ,3/28/2014
192,Hannah Pearce,1192 6th ,5/13/2015
193,Hester Turner,1193 Airport,7/9/2015
194,Iris Atkinson,1194 9th ,3/8/2015
195,Joan Cox,1195 4th ,2/25/2014
196,Katie Rogers,1196 Aloha,9/22/2014
197,Lila Thomas,1197 3rd ,1/18/2015
198,Lora Pearce,1198 Apache,9/3/2015
199,Maggie Fox,1199 7th ,5/20/2015
200,Marcia Knight,1200 Apache,7/18/2015
201,Marietta Hughes,1201 9th ,9/27/2015
202,Merle Mason,1202 9th ,1/23/2015
203,Mona Gardner,1203 Apache,1/18/2014
204,Orpha Ryan,1204 8th ,9/10/2014
205,Rosa Davies,1205 Airport,8/20/2014
206,Sadie Webb,1206 9th ,11/18/2015
207,Susan Campbell,1207 4th ,8/15/2015
208,Theresa Marshall,1208 3rd ,11/7/2015
209,Victoria Roberts,1209 8th ,6/14/2015
210,Zelma Williams,1210 3rd ,12/11/2014
211,Aileen Davies,1211 6th ,7/20/2014
212,Anita Watts,1212 4th ,7/12/2015
213,Annie Harper,1213 7th ,9/16/2014
214,Bernadine Moore,1214 7th ,9/3/2015
215,Catharine Mitchell,1215 3rd ,10/28/2015
216,Christina Chambers,1216 7th ,3/17/2015
217,Elaine Andrews,1217 3rd ,8/20/2015
218,Elma Williamson,1218 4th ,8/20/2015
219,Eloise Green,1219 Apache,6/18/2014
220,Elsa Spencer,1220 Airport,4/17/2015
221,Estelle Shaw,1221 Aloha,12/22/2015
222,Freida Wells,1222 4th ,8/5/2014
223,Frieda Ward,1223 Aloha,10/17/2015
224,Goldia Marshall,1224 7th ,3/8/2014
225,Katharine Pearson,1225 3rd ,3/4/2014
226,Lulu Armstrong,1226 Apache,11/22/2014
227,Madge Graham,1227 Aloha,10/17/2014
228,Margie Phillips,1228 8th ,11/15/2015
229,Mayme Edwards,1229 Airport,10/27/2014
230,Melba Saunders,1230 Aloha,1/20/2015
231,Nell Morris,1231 Aloha,12/9/2015
232,Ramona Chapman,1232 4th ,9/18/2015
233,Reba Dean,1233 5th ,7/19/2014
234,Regina Ward,1234 9th ,4/7/2014
235,Rosemary Collins,1235 Apache,1/8/2015
236,Sara Watson,1236 7th ,9/27/2015
237,Selma Gray,1237 8th ,8/20/2014
238,Sophia Chambers,1238 Aloha,4/24/2015
239,Zella Hall,1239 5th ,4/16/2015
240,Mary Campbell,1240 Aloha,6/14/2015
241,Helen Fox,1241 9th ,1/10/2014
242,Dorothy Harvey,1242 Apache,11/2/2014
243,Ruth Collins,1243 7th ,11/21/2015
244,Mildred Butler,1244 9th ,12/10/2015
245,Margaret Johnson,1245 6th ,8/7/2014
246,Martha Richardson,1246 8th ,10/13/2015
247,Elizabeth Morris,1247 7th ,4/14/2014
248,Thelma Thomson,1248 7th ,10/12/2015
249,Florence Carr,1249 Aloha,2/2/2014
250,Anna Ryan,1250 Airport,11/28/2014
251,Marie Phillips,1251 7th ,4/10/2015
252,Edna Mills,1252 5th ,3/25/2014
253,Esther Knight,1253 6th ,9/15/2014
254,Frances Simpson,1254 9th ,4/6/2015
255,Evelyn Murray,1255 Aloha,5/12/2014
256,Hazel Dixon,1256 Airport,3/28/2014
257,Alice Murphy,1257 Apache,5/19/2015
258,Irene Reynolds,1258 7th ,11/3/2015
259,Edith Moore,1259 5th ,7/20/2015
260,Lucille Davis,1260 Aloha,8/27/2015
261,Gladys Bennett,1261 4th ,1/23/2014
262,Ruby Campbell,1262 9th ,7/27/2014
263,Ethel Watts,1263 3rd ,11/18/2015
264,Virginia Grant,1264 8th ,5/21/2015
265,Louise Fisher,1265 8th ,2/8/2014
266,Catherine Barnes,1266 4th ,1/27/2015
267,Mabel Lloyd,1267 9th ,9/17/2014
268,Pauline Gardner,1268 3rd ,10/5/2014
269,Lois Richards,1269 6th ,8/25/2014
270,Marjorie Morris,1270 6th ,8/3/2015
271,Grace Brooks,1271 Aloha,11/15/2014
272,Lillian Johnson,1272 Aloha,8/25/2014
273,Clara Kelly,1273 9th ,10/21/2014
274,Eva Clark,1274 6th ,4/25/2015
275,Violet Pearson,1275 8th ,11/24/2014
276,Alma Collins,1276 5th ,5/6/2014
277,Nellie Wood,1277 8th ,3/1/2014
278,Opal Clarke,1278 3rd ,3/5/2015
279,Bernice Mcdonald,1279 7th ,5/22/2014
280,Kathryn Thomas,1280 Apache,9/20/2015
281,Rose Lane,1281 Apache,6/28/2014
282,Wilma Gordon,1282 9th ,12/5/2014
283,Elsie Lawson,1283 7th ,11/21/2015
284,Vivian Baker,1284 5th ,6/17/2014
285,Gertrude Simpson,1285 Apache,10/14/2015
286,Pearl Lloyd,1286 8th ,5/4/2015
287,Agnes Butler,1287 Aloha,5/16/2014
288,Bertha Armstrong,1288 5th ,5/8/2015
289,Josephine Morris,1289 6th ,2/15/2015
290,Katherine Butler,1290 Aloha,8/14/2014
291,Emma Hunt,1291 Airport,11/28/2014
292,Leona Wood,1292 Airport,9/20/2015
293,Geneva Russell,1293 8th ,11/9/2015
294,Vera Gray,1294 7th ,9/22/2015
295,Viola King,1295 Apache,1/8/2015
296,Betty Davis,1296 3rd ,9/22/2015
297,Juanita Harvey,1297 7th ,12/8/2015
298,Doris Simpson,1298 Aloha,2/20/2014
299,Sarah Gardner,1299 6th ,4/28/2015
300,Beatrice Carter,1300 8th ,8/5/2015
301,Beulah Brooks,1301 9th ,5/16/2015
302,Georgia Scott,1302 3rd ,5/18/2015
303,Laura Fisher,1303 7th ,7/20/2014
304,Fern Hudson,1304 Apache,2/25/2014
305,Ida Thomson,1305 8th ,6/21/2014
306,Jessie Price,1306 3rd ,5/16/2015
307,Marguerite Foster,1307 6th ,3/3/2014
308,Maxine Clarke,1308 Aloha,11/28/2014
309,Stella Cook,1309 Airport,4/26/2015
310,Velma Davis,1310 6th ,12/15/2014
311,Irma Carter,1311 Apache,2/6/2015
312,Julia Walsh,1312 9th ,5/27/2014
313,Mable Mason,1313 3rd ,7/24/2015
314,Naomi Cooper,1314 Airport,1/16/2014
315,Charlotte Clark,1315 Apache,3/17/2014
316,Jane Powell,1316 7th ,5/27/2014
317,Myrtle Wells,1317 5th ,8/2/2015
318,Eleanor Mills,1318 Aloha,1/17/2015
319,Ann Cook,1319 9th ,2/20/2014
320,Audrey Davies,1320 5th ,1/7/2015
321,Blanche Harris,1321 Apache,3/15/2014
322,Inez Bradley,1322 Aloha,9/11/2014
323,Jean Rogers,1323 7th ,10/19/2014
324,Alberta Hall,1324 Aloha,1/3/2014
325,Ellen George,1325 6th ,5/27/2015
326,Marian Armstrong,1326 Aloha,11/5/2014
327,Minnie Thomas,1327 3rd ,7/2/2015
328,Freda Webb,1328 5th ,7/26/2014
329,Geraldine Collins,1329 7th ,5/6/2015
330,Lena Chambers,1330 3rd ,4/13/2015
331,Marcella Berry,1331 6th ,2/4/2015
332,Barbara Walker,1332 9th ,3/1/2014
333,Bessie Dixon,1333 5th ,7/11/2014
334,Lucile Hunt,1334 3rd ,11/20/2014
335,Luella Harrison,1335 6th ,4/23/2015
336,Olive Cooper,1336 4th ,8/21/2014
337,Cora Webb,1337 6th ,11/19/2015
338,Genevieve Robinson,1338 3rd ,9/4/2014
339,Harriet Kaur,1339 Aloha,3/21/2015
340,Jeanette Knight,1340 Apache,10/9/2015
341,Nina Andrews,1341 3rd ,10/17/2014
342,Norma Richardson,1342 5th ,3/19/2015
343,Dora Wells,1343 Apache,6/13/2015
344,Ella Kelly,1344 6th ,7/12/2014
345,Goldie Mcdonald,1345 4th ,3/3/2014
346,Mae Saunders,1346 Aloha,2/14/2014
347,Alta Wells,1347 3rd ,12/27/2015
348,Flora Davis,1348 5th ,8/18/2015
349,Theresa Morgan,1349 4th ,7/1/2014
350,Eloise Carr,1350 9th ,3/28/2015
351,Sylvia Stevens,1351 4th ,6/20/2014
352,Erma Cook,1352 4th ,5/17/2015
353,Garnet Booth,1353 Aloha,1/25/2014
354,Hilda Young,1354 Apache,5/10/2014
355,Bonnie Johnston,1355 3rd ,3/2/2015
356,Cecelia Miller,1356 4th ,7/10/2014
357,Dolores Lawrence,1357 9th ,8/4/2014
358,Iris Hall,1358 3rd ,3/7/2014
359,Iva Robinson,1359 7th ,4/27/2015
360,Lola Rogers,1360 5th ,9/15/2014
361,Madge Miller,1361 5th ,1/3/2014
362,Mamie Davis,1362 4th ,1/20/2014
363,Marion Young,1363 4th ,3/24/2015
364,Anne Gray,1364 8th ,11/12/2015
365,Dorotha Cole,1365 7th ,3/26/2015
366,Eunice Bennett,1366 Aloha,5/18/2015
367,Henrietta Carr,1367 3rd ,8/6/2014
368,Lucy Lane,1368 7th ,4/23/2014
369,Lydia Kennedy,1369 3rd ,11/15/2014
370,May Walsh,1370 5th ,5/2/2014
371,Annabelle Turner,1371 6th ,7/27/2014
372,Carrie Harvey,1372 8th ,9/15/2015
373,Helene Baker,1373 9th ,3/3/2015
374,Madeline Murray,1374 9th ,5/24/2014
375,Nettie Gill,1375 Apache,11/13/2015
376,Nora Pearson,1376 3rd ,2/18/2014
377,Verna Ali,1377 Aloha,12/7/2015
378,Wanda Jenkins,1378 4th ,10/22/2014
379,Ada Watson,1379 6th ,4/8/2014
380,Caroline Marshall,1380 4th ,10/4/2015
381,Cecilia Wells,1381 Airport,2/16/2014
382,Cleo Parker,1382 6th ,8/23/2015
383,Emily Robertson,1383 9th ,6/14/2014
384,Estelle Baker,1384 3rd ,2/27/2015
385,Jeannette Thompson,1385 7th ,11/11/2014
386,Jennie Martin,1386 3rd ,5/8/2014
387,June George,1387 8th ,9/1/2014
388,Kathleen Hudson,1388 3rd ,6/23/2015
389,Lela Spencer,1389 4th ,3/18/2014
390,Lillie Poole,1390 5th ,11/4/2014
391,Loretta Ryan,1391 4th ,1/24/2014
392,Lula Ali,1392 8th ,4/8/2014
393,Maude Gill,1393 Airport,4/17/2015
394,Nancy Ryan,1394 3rd ,4/21/2014
395,Carolyn Carter,1395 5th ,1/7/2015
396,Crystal Harris,1396 Airport,12/9/2014
397,Donna Ellis,1397 5th ,12/26/2015
398,Dortha Knight,1398 Apache,10/16/2015
399,Elva Ward,1399 4th ,7/8/2015
400,Fannie Hall,1400 Apache,1/18/2015
401,Imogene Griffiths,1401 6th ,3/27/2014
402,Janet Foster,1402 9th ,4/6/2014
403,Lorena Marshall,1403 Aloha,7/17/2015
404,Miriam Hunter,1404 6th ,5/3/2015
405,Rachel Mcdonald,1405 3rd ,2/25/2015
406,Winifred Williamson,1406 Apache,2/14/2014
407,Berniece Martin,1407 5th ,12/11/2015
408,Charlene George,1408 8th ,2/8/2015
409,Elma Wells,1409 5th ,2/25/2015
410,Fay Hart,1410 4th ,10/25/2014
411,Frieda Kaur,1411 7th ,5/28/2014
412,Harriett Khan,1412 3rd ,2/27/2014
413,Lorene Reid,1413 Apache,8/24/2014
414,Madonna James,1414 Apache,7/15/2015
415,Phyllis Wood,1415 4th ,9/22/2014
416,Sophia Macdonald,1416 6th ,9/17/2015
417,Amelia Harvey,1417 4th ,4/22/2014
418,Amy Stevens,1418 Aloha,10/6/2014
419,Della Booth,1419 3rd ,7/16/2014
420,Delores Harris,1420 4th ,1/14/2015
421,Dorothea Bradley,1421 5th ,6/19/2015
422,Estella Bradley,1422 Airport,5/27/2014
423,Faye Brown,1423 7th ,5/11/2015
424,Flossie Chambers,1424 3rd ,6/26/2015
425,Lulu James,1425 9th ,2/12/2014
426,Mattie Hunt,1426 9th ,2/18/2015
427,Neva Barnes,1427 Airport,9/17/2015
428,Priscilla Shaw,1428 6th ,11/1/2014
429,Rebecca Carter,1429 9th ,8/23/2014
430,Rita Lane,1430 Apache,2/24/2015
431,Rosie Dean,1431 5th ,11/18/2015
432,Susan Wright,1432 6th ,8/21/2015
433,Susie Jenkins,1433 4th ,4/11/2014
434,Alpha Anderson,1434 3rd ,5/23/2015
435,Anita Harvey,1435 3rd ,12/6/2014
436,Blanch Phillips,1436 5th ,12/3/2015
437,Carmen Chambers,1437 Airport,8/16/2015
438,Clementine Bradley,1438 7th ,6/16/2015
439,Daisy Lawson,1439 9th ,6/2/2015
440,Edythe Gray,1440 Aloha,10/3/2015
441,Effie Reid,1441 6th ,9/23/2015
442,Eileen Andrews,1442 Airport,8/13/2014
443,Elnora Scott,1443 Aloha,3/28/2015
444,Enid Jackson,1444 4th ,2/9/2015
445,Etta Bell,1445 5th ,5/8/2014
446,Eula Ryan,1446 9th ,6/7/2015
447,Freida Atkinson,1447 3rd ,12/11/2014
448,Gretchen Stone,1448 Airport,7/5/2014
449,Gwendolyn Rogers,1449 9th ,2/19/2015
450,Hattie Wright,1450 8th ,12/9/2015
451,Hester Booth,1451 Airport,6/27/2014
452,Ina Scott,1452 7th ,1/17/2014
453,Jeanne Hill,1453 9th ,1/15/2014
454,Leah Kelly,1454 9th ,9/11/2015
455,Lottie Davis,1455 Airport,12/23/2015
456,Nedra Bailey,1456 Apache,6/8/2015
457,Olivia Jenkins,1457 Apache,2/25/2014
458,Orpha Gardner,1458 Airport,10/19/2015
459,Patricia Reid,1459 6th ,10/18/2015
460,Reba Ellis,1460 Airport,1/23/2015
461,Roberta Mason,1461 8th ,12/6/2014
462,Rosa Davies,1462 7th ,5/21/2014
463,Rosella Spencer,1463 Apache,7/10/2014
464,Sara Wells,1464 Airport,2/25/2014
465,Selma Murray,1465 Airport,4/15/2014
466,Shirley Ryan,1466 Airport,4/1/2015
467,Tillie Richardson,1467 4th ,6/5/2015
468,Wava Smith,1468 7th ,9/15/2015
469,Amanda Stevens,1469 7th ,10/5/2014
470,Audra Harrison,1470 8th ,6/27/2015
471,Belle Harvey,1471 Apache,9/16/2014
472,Carol Turner,1472 3rd ,4/28/2014
473,Christina Dixon,1473 5th ,8/28/2014
474,Clarice West,1474 7th ,5/9/2014
475,Dessie Russell,1475 5th ,12/6/2014
476,Elinor Bradley,1476 6th ,2/10/2014
477,Essie Rogers,1477 9th ,5/4/2014
478,Golda Atkinson,1478 7th ,2/18/2014
479,Isabel Hunter,1479 8th ,2/5/2015
480,Lee Webb,1480 3rd ,2/12/2015
481,Lelia Wilkinson,1481 7th ,12/25/2014
482,Lenora Jenkins,1482 Airport,3/23/2014
483,Marietta Rogers,1483 8th ,3/12/2015
484,Matilda Wilkinson,1484 5th ,3/15/2014
485,Melba Ali,1485 9th ,2/9/2015
486,Millie Hunter,1486 6th ,5/28/2015
487,Myra Armstrong,1487 Airport,6/8/2014
488,Nola Carter,1488 8th ,5/22/2015
489,Pansy Campbell,1489 5th ,5/9/2014
490,Rosemary Matthews,1490 Aloha,9/28/2015
491,Sally Davis,1491 Aloha,8/8/2015
492,Mary Harper,1492 9th ,8/25/2014
493,Helen Spencer,1493 Aloha,10/17/2014
494,Dorothy Taylor,1494 8th ,9/24/2015
495,Ruth Clarke,1495 Aloha,6/22/2015
496,Mildred Wells,1496 9th ,6/18/2015
497,Margaret Davies,1497 4th ,10/27/2015
498,Thelma Lane,1498 Aloha,4/25/2014
499,Frances Andrews,1499 7th ,7/16/2015
500,Martha Thompson,1500 5th ,9/22/2015
501,Elizabeth Lewis,1501 5th ,2/1/2015
502,Florence Young,1502 4th ,2/18/2015
503,Evelyn Parker,1503 4th ,2/6/2015
504,Anna Lloyd,1504 Apache,3/6/2015
505,Alice Lawson,1505 9th ,12/5/2015
506,Marie Macdonald,1506 Aloha,6/26/2015
507,Edna Marshall,1507 Airport,12/6/2014
508,Virginia Walker,1508 Airport,4/19/2015
509,Louise Gray,1509 3rd ,6/16/2014
510,Irene Mason,1510 4th ,4/18/2015
511,Lucille Barnes,1511 9th ,1/27/2015
512,Lillian Khan,1512 8th ,6/21/2015
513,Marjorie Hunter,1513 Airport,10/27/2015
514,Esther Moore,1514 Apache,3/18/2015
515,Gladys Hart,1515 4th ,4/1/2015
516,Ethel Ali,1516 Apache,11/6/2014
517,Edith George,1517 8th ,7/6/2015
518,Hazel Dixon,1518 Airport,12/4/2014
519,Catherine Davis,1519 Airport,1/20/2014
520,Grace Brown,1520 5th ,12/21/2014
521,Ruby Thompson,1521 Airport,7/20/2014
522,Josephine Adams,1522 6th ,3/16/2015
523,Pauline Cunningham,1523 Apache,10/15/2015
524,Katherine Cook,1524 4th ,12/1/2014
525,Doris Price,1525 3rd ,5/17/2015
526,Clara Fisher,1526 Apache,1/6/2015
527,Lois White,1527 3rd ,8/13/2014
528,Mabel Harrison,1528 5th ,1/27/2015
529,Elsie Anderson,1529 Apache,9/3/2014
530,Marguerite Barker,1530 Aloha,8/27/2014
531,Kathryn Ross,1531 9th ,3/16/2015
532,Vera Dean,1532 8th ,10/28/2014
533,Wilma Cook,1533 5th ,5/25/2014
534,Opal Wells,1534 Airport,6/28/2014
535,Violet Hughes,1535 Airport,12/27/2014
536,Eva King,1536 4th ,9/19/2014
537,Emma Holmes,1537 3rd ,12/7/2015
538,Gertrude Armstrong,1538 5th ,8/7/2014
539,Bertha Lewis,1539 8th ,1/27/2014
540,Laura Dean,1540 3rd ,6/9/2015
541,Bernice Matthews,1541 Airport,4/3/2015
542,Velma Chambers,1542 6th ,7/17/2015
543,Alma Matthews,1543 Airport,10/23/2014
544,Eleanor Turner,1544 6th ,12/9/2015
545,Betty Williamson,1545 4th ,5/13/2015
546,Geneva Clark,1546 8th ,12/6/2015
547,Juanita Campbell,1547 Apache,6/1/2014
548,Julia Harvey,1548 6th ,9/25/2014
549,Sarah Baker,1549 7th ,1/14/2015
550,Ann Gardner,1550 Aloha,3/26/2014
551,Beatrice Cook,1551 Airport,3/19/2015
552,Charlotte Kennedy,1552 Aloha,9/28/2015
553,Agnes Collins,1553 4th ,5/4/2015
554,Nellie Macdonald,1554 Aloha,2/25/2015
555,Viola Hamilton,1555 3rd ,4/25/2015
556,Maxine Brooks,1556 8th ,3/8/2015
557,Genevieve Green,1557 Aloha,10/4/2015
558,Pearl Bennett,1558 Aloha,1/17/2015
559,Bessie Matthews,1559 7th ,9/24/2014
560,Beulah Wright,1560 9th ,6/2/2014
561,Rose Mitchell,1561 5th ,10/5/2015
562,Hilda Hunter,1562 Aloha,1/3/2014
563,Leona Murphy,1563 6th ,2/10/2014
564,Olive Hart,1564 Apache,7/21/2014
565,Vivian Armstrong,1565 9th ,9/8/2014
566,Jessie Roberts,1566 Apache,10/8/2015
567,Marian Bell,1567 Apache,1/26/2014
568,Jane Matthews,1568 Airport,8/10/2014
569,Ida Watson,1569 7th ,6/25/2014
570,Geraldine Owen,1570 Apache,9/5/2014
571,Lucile Hughes,1571 Apache,3/25/2015
572,Mable Jenkins,1572 8th ,8/16/2015
573,Anne King,1573 Airport,7/1/2014
574,Naomi Simpson,1574 Apache,12/17/2014
575,Blanche Bailey,1575 7th ,8/11/2014
576,Lena Lane,1576 3rd ,1/5/2014
577,Myrtle Stevens,1577 5th ,12/14/2014
578,Alberta Johnson,1578 4th ,3/23/2014
579,Fern Parker,1579 3rd ,3/19/2015
580,Goldie Griffiths,1580 Apache,6/21/2014
581,Nora Edwards,1581 6th ,1/20/2014
582,Ellen Chapman,1582 6th ,12/13/2015
583,Harriet Robertson,1583 Apache,4/2/2015
584,Jean Harris,1584 Apache,3/3/2014
585,Erma Gray,1585 4th ,5/16/2015
586,Stella Lewis,1586 9th ,2/18/2014
587,Mae Bradley,1587 9th ,3/4/2015
588,Minnie Booth,1588 Apache,6/5/2015
589,Georgia Turner,1589 5th ,4/19/2015
590,Lucy Edwards,1590 3rd ,5/7/2014
591,Sylvia Kaur,1591 Aloha,7/28/2014
592,Ada Bailey,1592 3rd ,6/1/2014
593,Ella Mcdonald,1593 Airport,10/2/2014
594,Inez Mason,1594 6th ,8/25/2014
595,Irma Shaw,1595 9th ,9/12/2014
596,Jeanette Ellis,1596 7th ,7/8/2014
597,Marcella Watson,1597 Apache,1/10/2014
598,Norma Watson,1598 Aloha,7/14/2014
599,Henrietta Ryan,1599 Apache,6/11/2014
600,Audrey Parker,1600 8th ,5/10/2014
601,Dorotha Richardson,1601 Aloha,8/18/2014
602,Kathleen Reynolds,1602 5th ,3/12/2014
603,Lula Young,1603 Apache,8/15/2015
604,June Booth,1604 6th ,5/10/2014
605,Carrie Ali,1605 8th ,7/12/2015
606,Dora Fox,1606 3rd ,10/17/2015
607,Luella Turner,1607 Apache,2/4/2014
608,Miriam Palmer,1608 Apache,12/17/2014
609,Barbara Rogers,1609 5th ,8/5/2015
610,Jennie Lawrence,1610 5th ,11/15/2014
611,Rachel Morris,1611 5th ,8/6/2014
612,Wanda Bailey,1612 Aloha,12/4/2015
613,Alta Scott,1613 3rd ,12/22/2015
614,Carolyn Graham,1614 Airport,5/5/2014
615,Crystal Cooper,1615 Aloha,7/4/2015
616,Flossie Roberts,1616 5th ,3/10/2014
617,Frieda Cooper,1617 7th ,7/5/2014
618,Harriett Baker,1618 7th ,3/17/2014
619,Madge Mcdonald,1619 9th ,5/27/2014
620,Winifred Russell,1620 4th ,8/5/2015
621,Eloise Lawson,1621 8th ,4/18/2014
622,Eunice Shaw,1622 3rd ,12/1/2015
623,Faye Reynolds,1623 9th ,4/14/2015
624,Flora Dawson,1624 5th ,2/23/2014
625,Freda Pearson,1625 6th ,4/14/2014
626,Nancy Kennedy,1626 3rd ,11/25/2014
627,Verna Walsh,1627 8th ,8/3/2014
628,Amelia Cole,1628 9th ,11/27/2015
629,Bonnie Jackson,1629 4th ,2/22/2015
630,Cora Fox,1630 7th ,6/28/2015
631,Dorothea Simpson,1631 5th ,3/6/2015
632,Fannie Cooper,1632 Aloha,6/16/2015
633,Isabelle Mills,1633 3rd ,9/10/2014
634,Loretta Andrews,1634 5th ,1/8/2014
635,Lydia Marshall,1635 6th ,5/21/2014
636,Mamie Reynolds,1636 Apache,9/12/2015
637,Nina Baker,1637 6th ,8/20/2015
638,Theresa Thomson,1638 6th ,7/1/2014
639,Dolores Powell,1639 6th ,4/4/2015
640,Lola Pearson,1640 Apache,12/12/2014
641,Lorene Harris,1641 Aloha,7/10/2014
642,Anita Poole,1642 6th ,3/11/2015
643,Dortha Allen,1643 7th ,7/20/2014
644,Iva Brooks,1644 Airport,4/6/2015
645,Marion Rogers,1645 7th ,9/1/2014
646,Rosemary Mcdonald,1646 Apache,9/18/2015
647,Sara Turner,1647 9th ,5/8/2014
648,Cleo Parker,1648 9th ,4/27/2015
649,Daisy Rose,1649 Airport,1/2/2015
650,Emily Dawson,1650 5th ,4/10/2015
651,Etta Young,1651 3rd ,4/22/2014
652,Janet Taylor,1652 6th ,7/14/2015
653,Laverne Harvey,1653 3rd ,6/21/2014
654,Lela Walsh,1654 Airport,8/21/2014
655,Lillie Hart,1655 6th ,2/24/2015
656,Lorraine Pearce,1656 6th ,3/24/2015
657,Reba Russell,1657 6th ,12/24/2014
658,Roberta Davies,1658 Airport,6/6/2014
659,Susie Shaw,1659 5th ,12/14/2014
660,Avis Hudson,1660 Aloha,12/25/2014
661,Delores Morris,1661 4th ,1/21/2015
662,Sophie Cole,1662 9th ,9/20/2014
663,Christina Gordon,1663 9th ,6/22/2014
664,Della Collins,1664 9th ,7/5/2014
665,Edythe Chambers,1665 Aloha,2/7/2015
666,Eileen Cook,1666 8th ,8/18/2014
667,Hattie Bradley,1667 6th ,4/21/2015
668,Jeannette Harvey,1668 6th ,9/9/2014
669,Joan Wilson,1669 9th ,2/4/2015
670,Maude Mason,1670 3rd ,5/10/2015
671,Orpha Grant,1671 Apache,2/20/2015
672,Regina Johnston,1672 4th ,3/3/2015
673,Susan Martin,1673 Aloha,1/25/2015
674,Berniece Saunders,1674 Airport,9/28/2014
675,Isabel Harrison,1675 9th ,1/19/2014
676,Madeline Atkinson,1676 4th ,5/28/2015
677,Nettie Bell,1677 5th ,2/8/2014
678,Neva Stewart,1678 6th ,6/25/2015
679,Olivia Holmes,1679 8th ,8/24/2015
680,Pansy Young,1680 Aloha,7/26/2015
681,Phyllis Stewart,1681 4th ,10/22/2015
682,Rebecca Robertson,1682 Airport,9/15/2014
683,Adeline Young,1683 4th ,11/8/2015
684,Caroline Foster,1684 9th ,5/25/2015
685,Cecelia Ryan,1685 Aloha,11/13/2014
686,Cecilia Young,1686 3rd ,5/22/2014
687,Christine Smith,1687 9th ,7/17/2014
688,Clarice Bradley,1688 5th ,1/23/2015
689,Cornelia Russell,1689 Airport,4/17/2015
690,Donna Gray,1690 Airport,3/15/2014
691,Elnora Richards,1691 3rd ,7/1/2015
692,Hildred Jones,1692 Airport,9/20/2014
693,Ina Martin,1693 5th ,4/19/2014
694,Iris Cox,1694 7th ,6/24/2014
695,Lorena Chapman,1695 Airport,4/26/2014
696,Lottie Dean,1696 7th ,11/9/2015
697,Muriel White,1697 8th ,2/15/2014
698,Ollie Cole,1698 4th ,9/28/2015
699,Ora West,1699 Apache,10/4/2015
700,Rita Chapman,1700 9th ,6/7/2015
701,Rosella Pearce,1701 8th ,3/2/2015
702,Rosetta Phillips,1702 3rd ,3/25/2014
703,Selma Harris,1703 Aloha,2/20/2015
704,Treva Armstrong,1704 4th ,8/21/2014
705,Velva Chapman,1705 Apache,1/3/2015
706,Veronica Kennedy,1706 6th ,8/17/2015
707,Angeline Morris,1707 Airport,8/3/2014
708,Annette Cunningham,1708 9th ,3/13/2015
709,Augusta Thompson,1709 8th ,12/17/2014
710,Catharine Grant,1710 9th ,4/8/2014
711,Charlene Hughes,1711 Apache,7/19/2014
712,Eleanore Reid,1712 9th ,10/23/2014
713,Elinor Macdonald,1713 4th ,2/5/2015
714,Elva Matthews,1714 9th ,11/7/2014
715,Estella Ellis,1715 6th ,2/21/2015
716,Golda Walsh,1716 8th ,8/19/2015
717,Gwendolyn Campbell,1717 5th ,12/9/2015
718,Hallie Thompson,1718 Apache,3/16/2014
719,Janice Foster,1719 6th ,11/26/2015
720,Katie Ali,1720 4th ,1/22/2015
721,Leah Edwards,1721 3rd ,1/26/2014
722,Lenora Dean,1722 Aloha,8/4/2015
723,May Berry,1723 6th ,1/22/2014
724,Millie Miller,1724 Apache,3/17/2015
725,Olga Gill,1725 5th ,4/11/2015
726,Sadie Wilson,1726 Airport,5/17/2015
727,Victoria Saunders,1727 Aloha,11/15/2014
728,Wilhelmina Kelly,1728 Apache,1/18/2015
729,Zella Lane,1729 3rd ,11/16/2015
730,Zelma Wright,1730 Airport,6/24/2014
731,Audra Hudson,1731 Apache,5/7/2014
732,Cecil Palmer,1732 5th ,5/18/2015
733,Dorthy Knight,1733 3rd ,12/11/2014
734,Estelle Fisher,1734 8th ,3/6/2015
735,Eula Carr,1735 6th ,11/17/2014
736,Fay Cunningham,1736 4th ,5/14/2015
737,Ferne Brooks,1737 Aloha,1/19/2014
738,Freeda Chapman,1738 8th ,6/2/2014
739,Garnet George,1739 5th ,3/1/2014
740,Gretchen George,1740 4th ,2/27/2014
741,Helena Butler,1741 3rd ,5/28/2015
742,Iona Barker,1742 6th ,7/4/2014
743,Ione Watts,1743 9th ,8/4/2015
744,Lenore Carter,1744 6th ,3/10/2015
745,Loraine Green,1745 3rd ,7/24/2015
746,Marybelle Hart,1746 7th ,6/19/2014
747,Mattie Fisher,1747 Apache,10/13/2014
748,Myra Smith,1748 Apache,2/16/2014
749,Nedra Clark,1749 7th ,12/26/2014
750,Nell Mills,1750 8th ,5/23/2015
751,Nola Ward,1751 Airport,5/8/2014
752,Rosalie Shaw,1752 Aloha,6/18/2014
753,Rosalind James,1753 Apache,12/7/2015
754,Shirley Marshall,1754 Airport,9/7/2014
755,Sophia Wright,1755 3rd ,1/18/2015
756,Vesta Walsh,1756 3rd ,1/10/2015
757,Annabelle Clarke,1757 4th ,8/19/2015
758,Arvilla Stevens,1758 Aloha,7/10/2015
759,Bess Baker,1759 7th ,2/28/2014
760,Claire Hall,1760 Aloha,7/23/2014
761,Clementine Hall,1761 8th ,12/18/2014
762,Corinne Pearce,1762 8th ,9/7/2014
763,Dessie Scott,1763 3rd ,8/12/2014
764,Effie Kennedy,1764 9th ,3/11/2015
765,Erna Smith,1765 3rd ,4/8/2014
766,Ernestine Chapman,1766 6th ,6/15/2015
767,Eugenia Baker,1767 9th ,10/1/2015
768,Hulda Watson,1768 Apache,7/1/2015
769,Lavon Anderson,1769 9th ,6/21/2014
770,Lavonne Morris,1770 Airport,11/1/2015
771,Lelia Young,1771 Airport,2/4/2015
772,Leora Richardson,1772 Aloha,5/21/2015
773,Leota Wood,1773 Apache,10/6/2015
774,Leta Brown,1774 9th ,3/13/2015
775,Luetta Atkinson,1775 Apache,6/13/2014
776,Madonna Kennedy,1776 Apache,9/23/2015
777,Matilda West,1777 6th ,2/17/2014
778,Melba Evans,1778 Airport,5/18/2015
779,Odessa Gordon,1779 Airport,12/6/2015
780,Patricia Wilkinson,1780 Airport,4/16/2014
781,Reva Ellis,1781 7th ,5/21/2015
782,Rosanna Russell,1782 9th ,4/14/2015
783,Vada Roberts,1783 Airport,7/1/2014
784,Wilda White,1784 9th ,7/2/2015
785,Willie Reid,1785 Apache,6/18/2014
786,Winona Hughes,1786 Aloha,10/4/2015
787,Mary Cunningham,1787 6th ,6/28/2014
788,Helen Fisher,1788 8th ,12/12/2015
789,Dorothy Jackson,1789 5th ,8/28/2015
790,Ruth Hill,1790 Airport,10/17/2015
791,Mildred Anderson,1791 9th ,3/5/2014
792,Margaret Hughes,1792 Aloha,1/14/2014
793,Elizabeth Graham,1793 Airport,7/12/2015
794,Frances Hill,1794 3rd ,10/2/2014
795,Anna Miller,1795 3rd ,5/23/2014
796,Virginia Jackson,1796 Apache,12/10/2014
797,Martha Wilkinson,1797 3rd ,1/4/2014
798,Evelyn Allen,1798 9th ,5/27/2015
799,Thelma Walsh,1799 3rd ,7/1/2015
800,Irene Cox,1800 4th ,7/10/2014
801,Florence Rogers,1801 4th ,5/25/2014
802,Marie Gray,1802 8th ,12/25/2014
803,Alice Brooks,1803 5th ,5/1/2015
804,Esther Murphy,1804 9th ,9/8/2014
805,Lucille Gill,1805 Aloha,8/22/2015
806,Edna Edwards,1806 Apache,8/1/2015
807,Edith Morgan,1807 4th ,9/5/2015
808,Pauline Knight,1808 6th ,11/6/2014
809,Hazel Gray,1809 7th ,1/21/2015
810,Ruby Harvey,1810 Apache,11/16/2014
811,Marjorie Bailey,1811 9th ,5/21/2015
812,Louise Macdonald,1812 Airport,9/11/2015
813,Gladys Dawson,1813 5th ,10/23/2014
814,Catherine Pearce,1814 5th ,11/3/2015
815,Doris Rogers,1815 Apache,10/26/2014
816,Ethel Clarke,1816 Airport,1/27/2015
817,Josephine Thompson,1817 Apache,12/15/2015
818,Wilma Reid,1818 4th ,7/12/2015
819,Lillian Powell,1819 4th ,1/13/2014
820,Clara Hudson,1820 6th ,1/18/2014
821,Lois Cole,1821 8th ,5/3/2015
822,Grace Jackson,1822 5th ,12/11/2015
823,Gertrude Green,1823 3rd ,1/22/2015
824,Bertha Mcdonald,1824 7th ,6/6/2014
825,Mabel Hughes,1825 Aloha,11/16/2015
826,Juanita Atkinson,1826 8th ,7/9/2014
827,Bernice Bailey,1827 Airport,11/16/2015
828,Eva Morris,1828 Airport,2/25/2015
829,Julia Rogers,1829 Apache,9/17/2015
830,Kathryn Ryan,1830 9th ,4/7/2015
831,Agnes Carter,1831 6th ,7/9/2015
832,Nellie Ryan,1832 7th ,5/5/2014
833,Opal Harper,1833 Airport,6/28/2014
834,Sarah Fisher,1834 3rd ,3/6/2014
835,Velma Foster,1835 5th ,4/13/2014
836,Vivian Cole,1836 9th ,3/19/2014
837,Katherine Roberts,1837 5th ,11/18/2014
838,Alma Ward,1838 Aloha,7/17/2014
839,Emma Rose,1839 Airport,11/18/2014
840,Leona Poole,1840 Airport,1/16/2014
841,Rose Mcdonald,1841 4th ,9/22/2014
842,Viola Hall,1842 Airport,7/9/2014
843,Elsie Gray,1843 3rd ,4/6/2015
844,Eleanor Hall,1844 4th ,2/17/2015
845,Jane Thompson,1845 8th ,12/23/2015
846,Marguerite Watts,1846 7th ,2/3/2015
847,Bessie George,1847 5th ,5/9/2015
848,Violet Price,1848 4th ,11/21/2014
849,Ann Harrison,1849 6th ,5/14/2015
850,Betty Ali,1850 5th ,3/9/2015
851,Beulah Carter,1851 5th ,3/4/2015
852,Maxine Cole,1852 3rd ,8/12/2014
853,Myrtle Holmes,1853 3rd ,9/24/2014
854,Vera Barker,1854 7th ,3/2/2015
855,Genevieve Thomson,1855 6th ,6/9/2014
856,Jessie Edwards,1856 Apache,6/13/2014
857,Pearl Miller,1857 7th ,9/4/2014
858,Anne Wilkinson,1858 5th ,7/12/2014
859,Blanche Lewis,1859 8th ,11/13/2015
860,Laura Gray,1860 8th ,4/21/2014
861,Jean Ryan,1861 Apache,1/22/2014
862,Alberta Hill,1862 8th ,5/4/2015
863,Georgia Russell,1863 3rd ,11/11/2014
864,Geraldine Webb,1864 4th ,11/5/2014
865,Beatrice George,1865 3rd ,1/21/2015
866,Geneva Stone,1866 8th ,12/24/2015
867,Charlotte Ward,1867 Apache,4/25/2015
868,Marian Simpson,1868 6th ,3/4/2015
869,Hilda Walsh,1869 9th ,2/6/2014
870,Lucile Jenkins,1870 4th ,7/18/2014
871,Fern Evans,1871 8th ,6/15/2015
872,Mae James,1872 7th ,8/13/2014
873,Kathleen Turner,1873 Apache,6/19/2014
874,Marcella Chambers,1874 9th ,6/27/2014
875,Marion Bell,1875 3rd ,6/13/2015
876,Ellen Kennedy,1876 Aloha,10/2/2015
877,Ada Hart,1877 Airport,6/26/2015
878,Ida King,1878 5th ,3/19/2015
879,Sylvia Grant,1879 Airport,12/27/2015
880,Goldie Berry,1880 Airport,8/20/2015
881,Irma Fisher,1881 5th ,12/7/2014
882,June Walker,1882 Apache,3/9/2015
883,Lola Pearson,1883 7th ,4/8/2015
884,Olive Young,1884 8th ,10/28/2014
885,Lena Carter,1885 8th ,1/28/2014
886,Naomi Lee,1886 8th ,4/15/2015
887,Wanda Scott,1887 7th ,7/11/2014
888,Barbara Martin,1888 9th ,5/27/2014
889,Harriet James,1889 Apache,3/18/2015
890,Lucy Dixon,1890 Apache,3/10/2015
891,Henrietta Patel,1891 7th ,9/23/2015
892,Loretta Foster,1892 6th ,2/27/2014
893,Minnie Fox,1893 3rd ,4/28/2015
894,Stella James,1894 7th ,8/21/2015
895,Jeanette King,1895 8th ,10/15/2014
896,Norma Jenkins,1896 4th ,12/5/2014
897,Audrey Johnston,1897 9th ,10/24/2014
898,Ella West,1898 3rd ,1/14/2015
899,Jennie Cox,1899 7th ,11/21/2015
900,Mable Clarke,1900 Airport,9/8/2015
901,Dorothea Rogers,1901 Aloha,4/11/2015
902,Eileen Collins,1902 6th ,7/2/2015
903,Frieda Lewis,1903 Aloha,10/28/2014
904,Madeline Lawson,1904 6th ,5/10/2015
905,Dolores Collins,1905 Airport,2/15/2015
906,Sophie Harvey,1906 Apache,12/21/2014
907,Berniece Russell,1907 Apache,5/1/2014
908,Inez Gardner,1908 Aloha,1/1/2014
909,Lorene Carter,1909 7th ,3/4/2014
910,Phyllis Jones,1910 7th ,12/5/2014
911,Verna Campbell,1911 6th ,10/27/2014
912,Daisy Wilson,1912 8th ,8/20/2015
913,Shirley Watson,1913 3rd ,8/22/2015
914,Carolyn Walsh,1914 9th ,2/24/2015
915,Emily Morgan,1915 Apache,2/6/2015
916,Theresa Wilson,1916 Apache,11/8/2014
917,Caroline Reid,1917 9th ,12/3/2015
918,Cora Morgan,1918 8th ,5/4/2014
919,Dora Mitchell,1919 9th ,6/9/2015
920,Lela Richards,1920 3rd ,8/11/2015
921,Rachel Smith,1921 3rd ,5/26/2015
922,Winifred King,1922 7th ,10/10/2015
923,Eloise Lane,1923 7th ,5/11/2014
924,Erma Fisher,1924 4th ,7/11/2014
925,Faye Fox,1925 5th ,10/19/2015
926,Roberta Moore,1926 7th ,4/6/2014
927,Amelia Jones,1927 3rd ,10/22/2015
928,Annabelle Rogers,1928 Apache,8/10/2014
929,Carrie Richards,1929 9th ,5/14/2015
930,Iva Cox,1930 3rd ,8/1/2014
931,Jeannette Marshall,1931 4th ,8/3/2014
932,Nina Spencer,1932 Aloha,3/8/2014
933,Rosemary Hamilton,1933 8th ,12/22/2014
934,Alta Cox,1934 6th ,3/23/2014
935,Bonnie Carr,1935 Apache,11/20/2014
936,Della Mcdonald,1936 3rd ,8/16/2014
937,Estelle Johnson,1937 6th ,11/21/2014
938,Lottie Hart,1938 6th ,11/25/2015
939,Luella Wilkinson,1939 5th ,3/3/2015
940,Madge Baker,1940 3rd ,2/14/2015
941,Miriam Chambers,1941 Apache,5/12/2015
942,Patricia Gibson,1942 4th ,9/15/2014
943,Reba Dawson,1943 Apache,5/8/2014
944,Leah Wood,1944 9th ,11/12/2014
945,Lorraine Atkinson,1945 4th ,1/2/2015
946,Lydia Mills,1946 8th ,3/18/2015
947,May Harris,1947 4th ,6/24/2014
948,Muriel Pearce,1948 Airport,10/10/2014
949,Cecilia Wells,1949 5th ,3/2/2014
950,Christina Graham,1950 8th ,5/16/2014
951,Christine Walsh,1951 7th ,8/8/2014
952,Crystal Atkinson,1952 5th ,6/7/2015
953,Donna Palmer,1953 Apache,2/17/2015
954,Dorotha Thomas,1954 Apache,12/26/2014
955,Freda Fox,1955 7th ,5/24/2015
956,Janet Miller,1956 7th ,5/14/2015
957,Janice Brown,1957 4th ,4/16/2014
958,Lillie Adams,1958 3rd ,11/7/2014
959,Nancy Murphy,1959 7th ,9/21/2014
960,Selma Walsh,1960 Airport,6/4/2014
961,Clarice Brooks,1961 Airport,3/15/2015
962,Eunice Cox,1962 3rd ,6/27/2015
963,Fannie Harper,1963 3rd ,8/28/2015
964,Flossie Robinson,1964 9th ,6/25/2014
965,Isabelle Barker,1965 6th ,11/6/2014
966,Lula Harris,1966 9th ,12/17/2014
967,Sara Turner,1967 8th ,8/24/2015
968,Antoinette Macdonald,1968 9th ,3/25/2015
969,Cleo Hall,1969 8th ,5/7/2015
970,Elva Dean,1970 8th ,11/11/2014
971,Gwendolyn Anderson,1971 4th ,3/25/2015
972,Helene Watts,1972 Airport,11/20/2014
973,Hester Wilkinson,1973 4th ,6/7/2014
974,Imogene Hudson,1974 5th ,2/20/2014
975,Joan Matthews,1975 9th ,1/13/2014
976,Lorena Phillips,1976 Apache,1/25/2014
977,Madonna Wilkinson,1977 9th ,9/5/2014
978,Mattie Smith,1978 6th ,4/11/2015
979,Rosa Kelly,1979 3rd ,6/13/2014
980,Susie Edwards,1980 9th ,5/20/2014
981,Victoria Fox,1981 7th ,4/11/2015
982,Waneta Adams,1982 3rd ,5/22/2015
983,Amy Lawson,1983 Aloha,4/7/2014
984,Berneice Stevens,1984 4th ,12/12/2014
985,Carol Miller,1985 3rd ,6/14/2014
986,Deloris Owen,1986 8th ,6/11/2014
987,Dortha Owen,1987 8th ,9/28/2014
988,Effie Edwards,1988 7th ,10/18/2015
989,Hattie Stewart,1989 4th ,4/12/2015
990,Margie Carter,1990 6th ,4/21/2015
991,Maude Jackson,1991 Aloha,7/14/2015
992,Nettie Dawson,1992 Apache,11/19/2015
993,Olga Chapman,1993 9th ,4/26/2014
994,Regina Martin,1994 8th ,8/2/2014
995,Cecelia Brown,1995 Airport,7/1/2014
996,Celia Barnes,1996 8th ,5/16/2015
997,Dorthy Anderson,1997 6th ,8/5/2014
998,Elnora Wilkinson,1998 7th ,1/7/2014
999,Ernestine George,1999 Apache,5/27/2014
1000,Etta Lawrence,2000 3rd ,1/27/2015
1001,Garnet Powell,2001 9th ,11/22/2014
1002,Harriett Harrison,2002 6th ,1/17/2015
1003,Joy Morgan,2003 3rd ,11/7/2015
1004,Marietta King,2004 4th ,4/27/2015
1005,Ora Mitchell,2005 9th ,4/1/2014
1006,Zelma Pearce,2006 Aloha,1/18/2014
1007,Adeline Williams,2007 3rd ,5/28/2015
1008,Arlene Grant,2008 7th ,7/17/2015
1009,Avis George,2009 4th ,9/5/2015
1010,Claire Ward,2010 Airport,4/16/2015
1011,Cornelia Stevens,2011 Apache,8/24/2014
1012,Freida Hamilton,2012 Aloha,9/27/2015
1013,Ina Walker,2013 5th ,4/18/2014
1014,Iris Cox,2014 Airport,7/15/2015
1015,Lenora Smith,2015 9th ,10/3/2014
1016,Leola Campbell,2016 Airport,2/25/2015
1017,Mamie Pearce,2017 Apache,10/26/2014
1018,Neva Hunt,2018 9th ,7/13/2015
1019,Nora Armstrong,2019 Aloha,11/5/2015
1020,Paula Stone,2020 9th ,2/23/2015
1021,Rosella Atkinson,2021 5th ,8/23/2014
1022,Sophia Hudson,2022 9th ,4/13/2014
1023,Susan Fox,2023 9th ,2/20/2015
1024,Veronica Young,2024 Aloha,12/3/2014
1025,Wilda Dean,2025 9th ,11/18/2015
1026,Zella Smith,2026 Aloha,5/25/2014
1027,Aileen Berry,2027 Aloha,3/22/2014
1028,Aline Rogers,2028 6th ,8/18/2014
1029,Cecil Watson,2029 7th ,12/14/2014
1030,Delores Ali,2030 Airport,4/11/2015
1031,Edythe Hunter,2031 Aloha,5/15/2015
1032,Elaine West,2032 6th ,4/2/2015
1033,Elma Price,2033 Apache,2/27/2015
1034,Estella Clarke,2034 Apache,12/5/2015
1035,Evalyn Graham,2035 6th ,6/24/2015
1036,Flora Edwards,2036 Airport,9/10/2015
1037,Garnett Macdonald,2037 7th ,1/3/2014
1038,Helena Martin,2038 Airport,2/27/2015
1039,Iola Stone,2039 Apache,9/9/2015
1040,Jewel Wilson,2040 5th ,9/8/2014
1041,Joyce Walsh,2041 Apache,3/10/2015
1042,Leatha Hill,2042 Apache,10/18/2014
1043,Lenore Ellis,2043 8th ,4/16/2015
1044,Lora Patel,2044 Aloha,2/13/2014
1045,Orpha Smith,2045 8th ,4/6/2014
1046,Sally Reid,2046 5th ,12/1/2014
1047,Sue Clark,2047 7th ,2/2/2015
1048,Alyce Wright,2048 7th ,5/4/2014
1049,Angela Hunter,2049 7th ,2/12/2014
1050,Angeline Richardson,2050 4th ,7/21/2014
1051,Annie Grant,2051 6th ,9/14/2014
1052,Audra Murray,2052 4th ,8/7/2014
1053,Freeda Mcdonald,2053 9th ,10/19/2014
1054,Golda Roberts,2054 7th ,1/8/2015
1055,Hildred Mcdonald,2055 9th ,7/1/2015
1056,Isabel Davies,2056 7th ,12/23/2015
1057,Jewell Harper,2057 Airport,2/14/2014
1058,Josie Ryan,2058 Apache,8/19/2015
1059,Lelia Berry,2059 Airport,11/27/2014
1060,Leora Jenkins,2060 4th ,6/3/2014
1061,Leota Robertson,2061 6th ,10/15/2014
1062,Letha Gibson,2062 6th ,10/18/2014
1063,Lorine Jones,2063 6th ,1/20/2015
1064,Maggie Chambers,2064 Apache,8/14/2015
1065,Matilda Ali,2065 6th ,10/17/2014
1066,Maurine Cole,2066 6th ,12/18/2015
1067,Melba Rogers,2067 Aloha,7/14/2015
1068,Millicent Allen,2068 3rd ,1/7/2014
1069,Mona Campbell,2069 8th ,6/2/2014
1070,Myra Moore,2070 8th ,8/23/2014
1071,Nadine Smith,2071 Aloha,8/5/2014
1072,Peggy Chapman,2072 Apache,12/28/2014
1073,Rhea Martin,2073 Aloha,10/5/2014
1074,Sadie Russell,2074 6th ,7/14/2014
1075,Amanda Scott,2075 Airport,10/7/2014
1076,Carmen Young,2076 7th ,12/16/2014
1077,Constance Clarke,2077 9th ,7/21/2015
1078,Delilah Chambers,2078 Apache,8/5/2014
1079,Dollie Morris,2079 Airport,5/16/2015
1080,Eleanore Green,2080 8th ,8/13/2014
1081,Enid Macdonald,2081 5th ,9/19/2015
1082,Eugenia Mason,2082 Airport,12/21/2015
1083,Francis Stevens,2083 5th ,3/27/2014
1084,Gene Berry,2084 4th ,5/25/2015
1085,Goldia Griffiths,2085 4th ,8/10/2015
1086,Gretchen Wells,2086 7th ,6/20/2015
1087,Hannah Jackson,2087 3rd ,10/12/2014
1088,Iona Wright,2088 8th ,5/25/2015
1089,Isabell Lawrence,2089 9th ,10/1/2014
1090,Justine Lawson,2090 6th ,5/3/2015
1091,Laverne Miller,2091 9th ,7/18/2015
1092,Lavon Evans,2092 Aloha,9/14/2015
1093,Loraine Jones,2093 9th ,3/19/2014
1094,Lulu Jackson,2094 3rd ,1/27/2014
1095,Margarette Simpson,2095 7th ,8/22/2015
1096,Mollie Andrews,2096 8th ,10/23/2015
1097,Nola James,2097 9th ,1/16/2015
1098,Pansy Clark,2098 Apache,9/15/2014
1099,Rhoda Hall,2099 Aloha,5/28/2015
1100,Rowena Ward,2100 3rd ,4/6/2015
1101,Treva Bailey,2101 Aloha,9/1/2014
1102,Valeria Mason,2102 5th ,8/17/2014
1103,Willa Reynolds,2103 9th ,3/3/2015
1104,Mary Davies,2104 5th ,1/14/2015
1105,Helen White,2105 6th ,7/3/2014
1106,Dorothy Gray,2106 5th ,8/6/2015
1107,Ruth Macdonald,2107 3rd ,3/20/2014
1108,Margaret Rose,2108 8th ,12/5/2015
1109,Mildred Williamson,2109 4th ,3/11/2015
1110,Elizabeth Jones,2110 9th ,7/4/2015
1111,Frances Webb,2111 7th ,2/11/2014
1112,Virginia Mitchell,2112 3rd ,5/3/2015
1113,Anna Davies,2113 4th ,2/13/2015
1114,Martha Morris,2114 8th ,2/1/2014
1115,Thelma Baker,2115 6th ,7/13/2014
1116,Evelyn Thompson,2116 7th ,6/14/2015
1117,Marie Holmes,2117 8th ,2/22/2015
1118,Florence Andrews,2118 3rd ,10/21/2015
1119,Alice Hill,2119 3rd ,3/24/2015
1120,Marjorie Dawson,2120 4th ,7/22/2015
1121,Esther Spencer,2121 7th ,11/22/2014
1122,Lucille Richardson,2122 8th ,6/1/2015
1123,Irene Cole,2123 7th ,8/5/2014
1124,Louise Mason,2124 Aloha,7/12/2014
1125,Pauline Smith,2125 6th ,4/28/2014
1126,Ruby Hunter,2126 8th ,6/17/2015
1127,Catherine Jenkins,2127 8th ,7/19/2015
1128,Hazel Clark,2128 3rd ,4/2/2014
1129,Edna Thomas,2129 7th ,1/7/2014
1130,Gladys Shaw,2130 9th ,7/18/2014
1131,Lois Wright,2131 9th ,9/10/2015
1132,Edith Brown,2132 7th ,10/16/2015
1133,Doris Ross,2133 Aloha,12/28/2014
1134,Wilma Jones,2134 Airport,8/23/2014
1135,Lillian Hill,2135 6th ,11/6/2014
1136,Clara Dean,2136 4th ,3/19/2015
1137,Josephine Baker,2137 Apache,8/28/2014
1138,Kathryn Carr,2138 7th ,11/5/2014
1139,Maxine Atkinson,2139 9th ,8/3/2015
1140,Ethel Marshall,2140 Apache,1/14/2014
1141,Emma Lawrence,2141 9th ,12/15/2015
1142,Mabel Edwards,2142 Aloha,10/10/2015
1143,Betty Barker,2143 3rd ,8/16/2014
1144,Grace Jenkins,2144 Airport,10/12/2015
1145,Katherine Booth,2145 5th ,1/3/2015
1146,Agnes Hart,2146 4th ,9/18/2014
1147,Violet Mills,2147 8th ,6/1/2014
1148,Gertrude James,2148 Apache,9/23/2014
1149,Opal Smith,2149 8th ,1/13/2015
1150,Sarah Fox,2150 Airport,8/22/2015
1151,Eleanor Hart,2151 5th ,2/20/2014
1152,Bernice Kennedy,2152 Apache,4/7/2014
1153,Ann Robertson,2153 Apache,6/6/2014
1154,Nellie Morris,2154 Apache,10/7/2015
1155,Eva Roberts,2155 Aloha,9/20/2015
1156,Juanita Gill,2156 6th ,9/7/2014
1157,Marguerite Walker,2157 5th ,11/24/2015
1158,Elsie Campbell,2158 3rd ,3/16/2014
1159,Bertha Stevens,2159 3rd ,2/17/2015
1160,Vivian Pearson,2160 5th ,12/9/2014
1161,Alma Jackson,2161 Airport,6/4/2015
1162,Jean Campbell,2162 7th ,8/25/2015
1163,Julia Powell,2163 Airport,11/11/2014
1164,Geneva Gill,2164 3rd ,10/10/2014
1165,Beatrice Reynolds,2165 4th ,6/4/2014
1166,Leona Moore,2166 4th ,9/20/2014
1167,Rose Griffiths,2167 8th ,3/15/2015
1168,Charlotte Jones,2168 Aloha,11/4/2014
1169,Vera Holmes,2169 5th ,6/6/2014
1170,Velma Mills,2170 8th ,2/8/2015
1171,Beulah Clarke,2171 3rd ,4/7/2015
1172,Laura Clark,2172 Airport,8/2/2014
1173,Viola Fox,2173 9th ,4/6/2015
1174,Genevieve Cox,2174 9th ,6/16/2014
1175,Jane Williams,2175 4th ,6/25/2014
1176,Olive Richards,2176 Aloha,1/17/2014
1177,Fern Wells,2177 Aloha,1/7/2014
1178,Naomi Anderson,2178 Airport,6/6/2015
1179,Geraldine Dean,2179 8th ,1/5/2014
1180,Anne Brooks,2180 6th ,3/27/2015
1181,Georgia Knight,2181 9th ,5/1/2014
1182,Kathleen Rose,2182 Airport,11/3/2014
1183,Ida Bennett,2183 5th ,7/28/2014
1184,Myrtle Mcdonald,2184 Aloha,3/2/2014
1185,Blanche Pearce,2185 4th ,2/23/2015
1186,Norma Barnes,2186 Apache,3/24/2014
1187,Harriet Jones,2187 6th ,4/27/2015
1188,Loretta Spencer,2188 Airport,3/19/2014
1189,Bessie Williams,2189 3rd ,4/12/2015
1190,Marian Wilkinson,2190 9th ,8/11/2015
1191,Alberta Ross,2191 7th ,9/7/2014
1192,Wanda Williamson,2192 6th ,1/24/2015
1193,Barbara Webb,2193 4th ,7/11/2015
1194,Irma Hughes,2194 Apache,7/6/2014
1195,Hilda Johnston,2195 Aloha,2/10/2014
1196,Stella Morgan,2196 4th ,3/18/2014
1197,Audrey Rogers,2197 7th ,5/8/2014
1198,June Grant,2198 Aloha,12/16/2014
1199,Ellen Mills,2199 Airport,1/14/2015
1200,Rosemary Fox,2200 3rd ,9/15/2015
1201,Freda Hunt,2201 3rd ,5/12/2014
1202,Marcella Owen,2202 9th ,4/28/2014
1203,Sylvia Palmer,2203 3rd ,12/20/2014
1204,Eileen Wilson,2204 9th ,5/6/2014
1205,Harriett Dixon,2205 5th ,6/21/2015
1206,Jeanette Hunter,2206 Airport,6/13/2015
1207,Jessie Edwards,2207 4th ,7/28/2014
1208,Lena Carter,2208 6th ,11/10/2015
1209,Mae Cooper,2209 3rd ,8/4/2014
1210,Phyllis Lewis,2210 8th ,12/1/2015
1211,Lucile White,2211 6th ,8/8/2015
1212,Pearl George,2212 Apache,9/17/2014
1213,Inez Harrison,2213 Aloha,9/8/2014
1214,Mable Fisher,2214 Aloha,8/10/2015
1215,Dolores Hunter,2215 9th ,5/1/2014
1216,Dora Parker,2216 4th ,7/3/2014
1217,Henrietta Foster,2217 9th ,4/10/2014
1218,Carolyn Poole,2218 Airport,8/15/2014
1219,Marion Jackson,2219 Aloha,12/24/2015
1220,Minnie Robertson,2220 5th ,2/27/2014
1221,Ada Gardner,2221 9th ,8/12/2015
1222,Eunice Thompson,2222 7th ,11/12/2015
1223,Goldie Robinson,2223 8th ,1/10/2014
1224,Luella Matthews,2224 Airport,3/20/2014
1225,Ella Thompson,2225 Aloha,9/18/2015
1226,Lorene Edwards,2226 9th ,9/5/2014
1227,Victoria Hughes,2227 4th ,8/6/2015
1228,Elnora Young,2228 Airport,5/26/2015
1229,Eloise Kaur,2229 9th ,12/28/2014
1230,Estelle George,2230 7th ,2/19/2014
1231,Frieda Cunningham,2231 6th ,9/19/2015
1232,Lela Jones,2232 6th ,6/20/2015
1233,Roberta Lawson,2233 5th ,3/5/2015
1234,Cora Green,2234 7th ,1/7/2015
1235,Iris Wilkinson,2235 7th ,10/14/2014
1236,Miriam Ryan,2236 4th ,9/1/2014
1237,Verna Patel,2237 Apache,11/4/2015
1238,Emily Ellis,2238 Apache,4/26/2014
1239,Jennie Lane,2239 Airport,6/16/2015
1240,Lucy Barnes,2240 Aloha,2/6/2014
1241,Winifred Matthews,2241 6th ,12/23/2015
1242,Alta Booth,2242 9th ,10/17/2014
1243,Erma Hamilton,2243 Airport,1/12/2014
1244,Faye Green,2244 7th ,11/10/2014
1245,Isabelle Wells,2245 8th ,6/3/2015
1246,May Atkinson,2246 5th ,2/17/2014
1247,Sophie Hall,2247 9th ,11/2/2014
1248,Theresa Lawson,2248 8th ,10/19/2015
1249,Cleo Hill,2249 Airport,11/24/2014
1250,Flora Phillips,2250 Apache,7/5/2014
1251,Imogene Wilkinson,2251 3rd ,5/27/2015
1252,Janet Butler,2252 Airport,5/15/2014
1253,Lula Powell,2253 Aloha,5/7/2015
1254,Nina Bailey,2254 8th ,10/10/2014
1255,Reba Price,2255 Aloha,7/12/2014
1256,Berniece Hudson,2256 6th ,4/28/2014
1257,Dorothea King,2257 Apache,3/26/2014
1258,Muriel Watson,2258 Airport,8/13/2014
1259,Annabelle Martin,2259 8th ,4/4/2014
1260,Christine Richardson,2260 Apache,6/3/2015
1261,Flossie Hunt,2261 6th ,5/2/2015
1262,Garnet Scott,2262 9th ,4/4/2014
1263,Nancy Miller,2263 7th ,4/4/2015
1264,Bonnie Davies,2264 3rd ,9/25/2015
1265,Delores Evans,2265 9th ,11/8/2015
1266,Jeanne White,2266 6th ,8/24/2014
1267,Leah Brooks,2267 Aloha,4/25/2014
1268,Lola Mason,2268 Apache,5/10/2015
1269,Mamie Griffiths,2269 Apache,1/17/2014
1270,Nora Ryan,2270 6th ,8/27/2014
1271,Carrie Allen,2271 Apache,10/27/2014
1272,Daisy Atkinson,2272 Aloha,5/28/2015
1273,Jeannette Anderson,2273 3rd ,10/16/2014
1274,Lottie Shaw,2274 4th ,2/5/2014
1275,Rosa Pearson,2275 Airport,3/2/2015
1276,Rosella Morris,2276 4th ,5/18/2014
1277,Rosalie Campbell,2277 Airport,1/27/2014
1278,Sara Davies,2278 Aloha,1/6/2015
1279,Sophia Dean,2279 7th ,1/23/2015
1280,Della Wright,2280 4th ,1/19/2014
1281,Elva Mcdonald,2281 3rd ,12/18/2015
1282,Hattie Cole,2282 4th ,11/8/2014
1283,Helene Wilkinson,2283 Apache,11/12/2015
1284,Lorraine Cunningham,2284 Apache,1/13/2014
1285,Lydia Kelly,2285 3rd ,6/4/2014
1286,Madeline Johnson,2286 4th ,2/6/2014
1287,Olga Richards,2287 Apache,8/13/2015
1288,Susan Thomson,2288 Apache,2/27/2015
1289,Bernadine Wells,2289 4th ,5/17/2014
1290,Cecilia Clark,2290 Apache,11/23/2015
1291,Charlene Baker,2291 7th ,1/23/2014
1292,Crystal Allen,2292 6th ,5/16/2015
1293,Iva King,2293 4th ,6/9/2015
1294,Laverne Lane,2294 6th ,8/20/2015
1295,Lenora Ross,2295 Airport,3/16/2014
1296,Maude Gardner,2296 7th ,4/19/2015
1297,Patricia Khan,2297 Aloha,3/18/2014
1298,Rachel Rogers,2298 Apache,8/13/2014
1299,Anita Hughes,2299 6th ,7/7/2015
1300,Deloris Thomas,2300 7th ,3/2/2014
1301,Dorotha Grant,2301 Aloha,12/17/2015
1302,Dortha Collins,2302 9th ,2/7/2014
1303,Edythe Owen,2303 9th ,5/22/2014
1304,Elma Pearson,2304 9th ,11/13/2014
1305,Gretchen Bradley,2305 4th ,2/13/2014
1306,Gwendolyn Ross,2306 6th ,1/11/2015
1307,Leota Macdonald,2307 Airport,5/6/2014
1308,Francis Cunningham,2308 7th ,10/19/2014
1309,Golda Simpson,2309 Apache,12/1/2015
1310,Helena White,2310 Airport,8/23/2015
1311,Katie Johnson,2311 3rd ,7/24/2015
1312,Letha Wright,2312 4th ,7/1/2014
1313,Pansy Morgan,2313 Airport,7/4/2015
1314,Shirley Chambers,2314 4th ,10/10/2014
1315,Amelia Cox,2315 5th ,4/3/2015
1316,Angeline Rose,2316 8th ,9/23/2014
1317,Arlene Chambers,2317 3rd ,10/13/2015
1318,Caroline Davies,2318 Aloha,10/6/2014
1319,Cecelia Spencer,2319 Aloha,3/11/2014
1320,Constance Lawrence,2320 5th ,6/8/2015
1321,Donna Chambers,2321 Airport,8/25/2014
1322,Fay Bailey,2322 Aloha,2/17/2015
1323,Hester Knight,2323 4th ,3/28/2014
1324,Lorena Pearce,2324 6th ,7/11/2014
1325,Mona Clark,2325 Apache,12/16/2015
1326,Rebecca Chapman,2326 3rd ,11/16/2014
1327,Regina Turner,2327 4th ,9/18/2014
1328,Sally Murray,2328 Aloha,7/11/2015
1329,Susie King,2329 Aloha,10/4/2014
1330,Waneta Ali,2330 Apache,6/22/2015
1331,Amy Wilkinson,2331 5th ,2/9/2014
1332,Belva Wells,2332 6th ,1/4/2015
1333,Carol Pearce,2333 Aloha,7/19/2015
1334,Estella Murphy,2334 Airport,4/8/2014
1335,Eugenia Thomas,2335 Airport,1/13/2014
1336,Gene Parker,2336 9th ,2/28/2014
1337,Hannah Russell,2337 4th ,1/1/2014
1338,Joan Palmer,2338 3rd ,1/8/2014
1339,Lavon Morgan,2339 4th ,4/17/2014
1340,Lillie Wells,2340 3rd ,5/23/2015
1341,Margie Lawrence,2341 4th ,12/15/2015
1342,Merle Dixon,2342 7th ,5/4/2014
1343,Nadine Bell,2343 Apache,10/18/2015
1344,Nettie Dawson,2344 9th ,4/4/2014
1345,Neva Wells,2345 Airport,8/20/2015
1346,Selma Cole,2346 5th ,6/16/2014
1347,Suzanne Stone,2347 7th ,6/22/2015
1348,Treva Stone,2348 9th ,4/8/2015
1349,Veronica Jackson,2349 Aloha,12/8/2014
1350,Zella Dawson,2350 4th ,6/15/2015
1351,Angela Rogers,2351 Aloha,7/10/2014
1352,Ardella Kennedy,2352 6th ,8/16/2015
1353,Celia Gibson,2353 5th ,12/24/2014
1354,Eleanore Barnes,2354 8th ,7/27/2014
1355,Elinor Young,2355 Airport,8/23/2015
1356,Enid Knight,2356 Aloha,6/18/2015
1357,Eula Scott,2357 Airport,10/23/2015
1358,Fannie Lloyd,2358 Apache,7/27/2015
1359,Glenna Ali,2359 5th ,6/22/2015
1360,Isabel Taylor,2360 6th ,6/9/2015
1361,Janice Roberts,2361 9th ,8/3/2015
1362,Jewell Shaw,2362 Aloha,8/10/2015
1363,Joyce Rogers,2363 4th ,7/5/2015
1364,Kay Mcdonald,2364 8th ,10/8/2015
1365,Madge King,2365 4th ,3/19/2014
1366,Mattie Wilkinson,2366 7th ,7/3/2015
1367,Orpha Harvey,2367 Airport,10/5/2014
1368,Reva Davies,2368 Aloha,9/2/2015
1369,Rita Rogers,2369 4th ,10/19/2014
1370,Belle Morgan,2370 7th ,6/22/2015
1371,Christina Barnes,2371 Aloha,6/18/2015
1372,Cordelia Poole,2372 4th ,10/16/2015
1373,Cornelia Campbell,2373 Aloha,11/21/2015
1374,Ferne Clarke,2374 3rd ,9/16/2014
1375,Goldia Murray,2375 Apache,2/27/2014
1376,Hallie Carter,2376 9th ,4/9/2014
1377,Hildegarde Hart,2377 7th ,5/21/2014
1378,Iona Taylor,2378 7th ,12/25/2014
1379,Johanna Atkinson,2379 8th ,7/24/2014
1380,Kathlyn Dawson,2380 8th ,8/7/2015
1381,Lavonne Gibson,2381 4th ,11/7/2015
1382,Lila Price,2382 7th ,3/15/2015
1383,Marietta Young,2383 3rd ,5/12/2015
1384,Marjory Hart,2384 4th ,3/22/2015
1385,Millicent Wilson,2385 Airport,6/28/2014
1386,Monica Walker,2386 5th ,12/2/2015
1387,Roxie King,2387 4th ,10/22/2015
1388,Zelma Moore,2388 9th ,11/2/2015
1389,Adele Mills,2389 Airport,11/24/2015
1390,Amanda Davies,2390 4th ,6/12/2015
1391,Aurelia Lewis,2391 4th ,8/11/2015
1392,Clarice Turner,2392 5th ,10/22/2015
1393,Dessie Jones,2393 7th ,4/4/2015
1394,Dorthy Harvey,2394 7th ,9/11/2014
1395,Elaine Lewis,2395 Airport,6/20/2014
1396,Evangeline Dean,2396 6th ,6/6/2014
1397,Fairy Powell,2397 Aloha,10/23/2015
1398,Florine Hunt,2398 6th ,2/7/2014
1399,Freida Carr,2399 6th ,6/23/2015
1400,Garnett Barnes,2400 6th ,3/12/2015
1401,Harriette Roberts,2401 5th ,12/9/2014
1402,Ina Poole,2402 3rd ,6/18/2014
1403,Iola Ryan,2403 7th ,3/27/2014
1404,Ione Ward,2404 3rd ,1/6/2014
1405,Jaunita Grant,2405 5th ,4/14/2014
1406,Katharine Morris,2406 Aloha,9/27/2015
1407,Lora Turner,2407 8th ,3/17/2015
1408,Madonna Clark,2408 Aloha,11/28/2014
1409,Magdalene Walsh,2409 7th ,9/12/2014
1410,Margery Barnes,2410 4th ,10/24/2014
1411,Maurine Patel,2411 5th ,4/11/2015
1412,Melba Collins,2412 Apache,12/23/2014
1413,Myra Griffiths,2413 Aloha,7/25/2015
1414,Nila Richardson,2414 Airport,1/18/2014
1415,Nova Marshall,2415 Aloha,10/1/2014
1416,Vada Bailey,2416 5th ,3/28/2015
1417,Vonda Adams,2417 Airport,7/28/2014
1418,Winona Clarke,2418 9th ,8/25/2015
1419,Adeline Hill,2419 Apache,11/6/2014
1420,Alpha Chapman,2420 3rd ,10/25/2014
1421,Annabel Stone,2421 8th ,1/24/2014
1422,Annabell Clarke,2422 3rd ,11/18/2015
1423,Annette Ross,2423 9th ,8/19/2015
1424,Antoinette Harper,2424 Airport,1/16/2015
1425,Beryl West,2425 Airport,12/10/2015
1426,Betsy Lloyd,2426 Aloha,12/6/2015
1427,Billie Lloyd,2427 7th ,11/28/2015
1428,Blanch Spencer,2428 Aloha,3/24/2014
1429,Corinne Dawson,2429 3rd ,11/25/2015
1430,Diana Powell,2430 Airport,1/14/2014
1431,Dorcas Harper,2431 3rd ,5/7/2015
1432,Effie Williamson,2432 4th ,9/9/2015
1433,Ernestine Richards,2433 3rd ,5/12/2014
1434,Gayle Smith,2434 3rd ,1/13/2014
1435,Gwen Khan,2435 9th ,6/14/2014
1436,Hildreth Parker,2436 6th ,2/10/2015
1437,Hortense Robinson,2437 3rd ,4/15/2015
1438,Jayne Adams,2438 9th ,4/3/2014
1439,Jewel Bradley,2439 9th ,9/16/2015
1440,Joy Matthews,2440 5th ,5/27/2014
1441,Lenore Ellis,2441 9th ,12/20/2015
1442,Leola Andrews,2442 3rd ,8/23/2015
1443,Leora Lawrence,2443 8th ,2/1/2014
1444,Lona Cooper,2444 7th ,11/13/2014
1445,Loraine Moore,2445 6th ,2/14/2015
1446,Lucinda Murphy,2446 9th ,8/2/2014
1447,Madelyn Clark,2447 3rd ,8/13/2014
1448,Marybelle Miller,2448 5th ,11/21/2015
1449,Millie Saunders,2449 7th ,2/28/2014
1450,Nondas Hill,2450 Airport,8/22/2014
1451,Ola Harvey,2451 6th ,5/16/2015
1452,Olivia Jackson,2452 Apache,9/5/2015
1453,Peggy Jackson,2453 6th ,11/22/2014
1454,Priscilla Simpson,2454 9th ,3/27/2014
1455,Ramona Stevens,2455 8th ,5/17/2015
1456,Roselyn Morgan,2456 Airport,2/26/2015
1457,Rosetta Stevens,2457 Apache,3/12/2014
1458,Stephanie Allen,2458 5th ,4/7/2014
1459,Teresa Shaw,2459 4th ,1/10/2014
1460,Valeria Mason,2460 6th ,4/26/2014
1461,Verda Richardson,2461 5th ,5/26/2015
1462,Verena Murphy,2462 Airport,10/23/2015
1463,Vernice Hunter,2463 8th ,4/14/2015
1464,Wilda Thompson,2464 5th ,12/10/2015
1465,Willa Kaur,2465 6th ,4/6/2015
1466,Zelda Foster,2466 8th ,5/6/2014
1467,Mary Cook,2467 6th ,10/2/2014
1468,Helen Green,2468 8th ,5/6/2014
1469,Dorothy Wilkinson,2469 3rd ,10/14/2014
1470,Ruth Barker,2470 7th ,8/4/2014
1471,Margaret Berry,2471 5th ,3/27/2015
1472,Mildred Booth,2472 Airport,11/10/2015
1473,Virginia Morgan,2473 3rd ,3/18/2015
1474,Martha Andrews,2474 5th ,5/13/2015
1475,Frances Evans,2475 Apache,11/28/2015
1476,Thelma Robertson,2476 Airport,6/1/2015
1477,Anna Pearce,2477 5th ,8/15/2014
1478,Evelyn George,2478 Apache,9/17/2015
1479,Elizabeth Robinson,2479 Aloha,6/6/2015
1480,Alice Hughes,2480 Apache,3/13/2015
1481,Esther Simpson,2481 6th ,6/3/2014
1482,Marjorie Dixon,2482 8th ,12/11/2015
1483,Edna Turner,2483 Airport,12/21/2014
1484,Marie Anderson,2484 3rd ,6/26/2015
1485,Catherine Mitchell,2485 Apache,3/19/2014
1486,Florence Moore,2486 6th ,8/27/2015
1487,Hazel Evans,2487 6th ,5/16/2015
1488,Irene Powell,2488 9th ,6/27/2015
1489,Lucille Mills,2489 7th ,11/4/2014
1490,Louise Robertson,2490 6th ,8/8/2014
1491,Pauline Stewart,2491 9th ,11/25/2014
1492,Ruby Armstrong,2492 3rd ,12/25/2014
1493,Doris Graham,2493 Aloha,3/17/2014
1494,Edith Dawson,2494 Airport,10/16/2014
1495,Lois Mason,2495 6th ,11/21/2014
1496,Kathryn Mitchell,2496 6th ,9/14/2015
1497,Gladys White,2497 4th ,2/3/2015
1498,Lillian Anderson,2498 Aloha,3/1/2015
1499,Wilma Richardson,2499 Aloha,4/15/2014
1500,Ethel Pearson,2500 3rd ,12/24/2014
1501,Clara Mitchell,2501 Aloha,8/11/2015
1502,Josephine Ward,2502 3rd ,7/23/2015
1503,Mabel Hamilton,2503 8th ,1/10/2015
1504,Maxine Hunter,2504 Airport,3/16/2014
1505,Bernice Robinson,2505 5th ,6/27/2015
1506,Eleanor Anderson,2506 3rd ,11/23/2014
1507,Vera Lawson,2507 Apache,11/7/2014
1508,Katherine Mills,2508 9th ,6/12/2015
1509,Rose Hudson,2509 Aloha,2/1/2015
1510,Gertrude Kelly,2510 5th ,1/14/2014
1511,Opal Harper,2511 7th ,3/10/2014
1512,Juanita Hamilton,2512 Airport,4/8/2014
1513,Elsie Murphy,2513 4th ,6/2/2015
1514,Grace Lawson,2514 Aloha,11/2/2014
1515,Violet Watts,2515 8th ,9/9/2015
1516,Jean Reid,2516 Aloha,10/25/2015
1517,Jane Matthews,2517 5th ,6/11/2015
1518,Vivian Roberts,2518 6th ,10/5/2014
1519,Agnes Jones,2519 9th ,11/21/2014
1520,Betty Ali,2520 Apache,7/19/2014
1521,Emma Barker,2521 7th ,1/5/2015
1522,Bertha Johnson,2522 6th ,2/5/2014
1523,Ann Gill,2523 8th ,5/22/2014
1524,Eva Walker,2524 9th ,11/27/2015
1525,Sarah Hunter,2525 7th ,10/12/2014
1526,Geneva Ali,2526 6th ,2/12/2014
1527,Beulah Murphy,2527 4th ,9/8/2014
1528,Leona Reid,2528 3rd ,12/25/2015
1529,Alma Robinson,2529 9th ,12/28/2015
1530,Julia Morris,2530 Airport,9/19/2015
1531,Marguerite Cole,2531 6th ,9/19/2014
1532,Laura Knight,2532 8th ,5/7/2015
1533,Pearl Johnson,2533 4th ,11/26/2014
1534,Viola Clark,2534 9th ,10/20/2015
1535,Nellie Anderson,2535 4th ,4/7/2014
1536,Charlotte Brown,2536 7th ,9/18/2014
1537,Beatrice Hamilton,2537 8th ,1/16/2015
1538,Geraldine Allen,2538 5th ,9/7/2015
1539,June Harvey,2539 9th ,1/13/2014
1540,Norma Marshall,2540 6th ,1/17/2015
1541,Genevieve Andrews,2541 9th ,3/1/2014
1542,Marian Lee,2542 4th ,12/15/2014
1543,Myrtle Price,2543 6th ,12/15/2015
1544,Ellen Hart,2544 4th ,2/16/2014
1545,Rosemary Ross,2545 6th ,1/12/2015
1546,Kathleen Pearson,2546 8th ,10/17/2014
1547,Naomi Hunter,2547 Aloha,9/25/2015
1548,Velma Hunter,2548 5th ,10/10/2015
1549,Bessie Hunter,2549 6th ,11/5/2014
1550,Ida Atkinson,2550 9th ,10/17/2014
1551,Fern Gardner,2551 6th ,11/19/2014
1552,Lucile Gordon,2552 Apache,6/17/2015
1553,Jessie Gill,2553 Airport,8/15/2014
1554,Stella Chapman,2554 3rd ,3/7/2014
1555,Georgia Gardner,2555 3rd ,6/11/2014
1556,Olive Morris,2556 7th ,2/19/2014
1557,Eileen Scott,2557 8th ,8/1/2015
1558,Wanda Thomas,2558 7th ,4/7/2014
1559,Alberta Thomson,2559 4th ,7/2/2014
1560,Irma Jackson,2560 Airport,6/4/2015
1561,Phyllis Wilkinson,2561 6th ,11/1/2015
1562,Anne Roberts,2562 Aloha,1/7/2014
1563,Ada Webb,2563 Aloha,7/15/2014
1564,Blanche Anderson,2564 3rd ,5/4/2014
1565,Marcella Stewart,2565 4th ,9/26/2014
1566,Sylvia King,2566 Aloha,12/10/2015
1567,Barbara Lane,2567 9th ,1/24/2015
1568,Ella Butler,2568 6th ,11/13/2014
1569,Loretta Hart,2569 6th ,1/4/2015
1570,Audrey Knight,2570 Aloha,5/27/2015
1571,Miriam Harper,2571 Airport,12/5/2014
1572,Winifred Lawson,2572 6th ,4/23/2015
1573,Dolores Poole,2573 8th ,12/22/2015
1574,Harriet Hamilton,2574 8th ,3/8/2015
1575,Jeanette Evans,2575 Aloha,9/17/2014
1576,Lena Jenkins,2576 Apache,5/27/2015
1577,Hilda Thompson,2577 4th ,9/6/2014
1578,Inez Harris,2578 Aloha,4/26/2015
1579,Goldie Bradley,2579 8th ,6/1/2015
1580,Henrietta Hudson,2580 6th ,10/16/2015
1581,Cora Morgan,2581 4th ,12/4/2014
1582,Mae Thomas,2582 7th ,12/11/2014
1583,Della Webb,2583 5th ,5/19/2015
1584,Eunice Gordon,2584 5th ,5/14/2014
1585,Freda Murray,2585 Aloha,9/6/2014
1586,Lucy Cunningham,2586 Airport,7/13/2015
1587,Frieda Allen,2587 6th ,8/13/2014
1588,Mable Carr,2588 3rd ,8/6/2015
1589,Minnie Ryan,2589 4th ,8/23/2015
1590,Rachel Butler,2590 7th ,11/19/2015
1591,Verna Rogers,2591 6th ,2/28/2014
1592,Dora Lane,2592 5th ,9/25/2014
1593,Marion Cole,2593 8th ,11/15/2014
1594,Roberta Atkinson,2594 9th ,2/12/2014
1595,Theresa Phillips,2595 9th ,10/19/2014
1596,Eloise Kennedy,2596 Apache,5/25/2015
1597,Emily Marshall,2597 5th ,4/4/2015
1598,Erma Robinson,2598 Apache,3/9/2014
1599,Harriett Chambers,2599 5th ,12/17/2014
1600,Janet Harvey,2600 5th ,5/17/2014
1601,Daisy Wood,2601 Aloha,8/10/2015
1602,Dorothea Dawson,2602 4th ,4/15/2014
1603,Iva Mills,2603 7th ,6/20/2014
1604,Luella Bennett,2604 Apache,7/28/2015
1605,Jennie Dean,2605 8th ,2/20/2015
1606,Lola Mills,2606 5th ,10/3/2014
1607,Nora Johnston,2607 4th ,6/3/2014
1608,Sara Shaw,2608 Airport,10/13/2015
1609,Annabelle Davis,2609 6th ,12/24/2015
1610,Lela Ellis,2610 8th ,3/12/2015
1611,Sophie Anderson,2611 9th ,8/13/2014
1612,Amelia Armstrong,2612 6th ,6/3/2014
1613,Carolyn Barnes,2613 Airport,3/18/2015
1614,Flossie Pearce,2614 6th ,12/4/2015
1615,Isabelle Ellis,2615 4th ,2/17/2015
1616,Jeannette Collins,2616 4th ,10/17/2014
1617,Lydia Watson,2617 5th ,1/22/2015
1618,Dorotha Barnes,2618 8th ,3/1/2014
1619,Lula Lawson,2619 6th ,11/7/2014
1620,Muriel Robertson,2620 4th ,9/6/2014
1621,Bonnie Thomas,2621 Apache,11/23/2014
1622,Caroline Kennedy,2622 6th ,4/1/2015
1623,Donna Holmes,2623 5th ,2/26/2014
1624,Elaine Williams,2624 7th ,6/28/2014
1625,Adeline Butler,2625 4th ,9/23/2014
1626,Berniece Ward,2626 8th ,4/4/2014
1627,Crystal Cole,2627 Apache,12/20/2014
1628,Faye Kelly,2628 5th ,5/19/2014
1629,Gretchen Johnson,2629 Aloha,10/26/2014
1630,Alta Poole,2630 Aloha,3/12/2015
1631,Carrie Gibson,2631 Apache,8/21/2015
1632,Gwendolyn Adams,2632 5th ,11/12/2015
1633,Imogene Cole,2633 Aloha,1/2/2015
1634,Joan Lloyd,2634 5th ,9/15/2014
1635,Joyce Cole,2635 4th ,1/2/2015
1636,Lorene Thomson,2636 Aloha,1/17/2015
1637,Nancy Ward,2637 4th ,1/12/2014
1638,Olga Moore,2638 7th ,3/26/2015
1639,Elnora Mills,2639 5th ,9/17/2015
1640,Estelle Patel,2640 9th ,9/12/2015
1641,Iris Roberts,2641 Aloha,10/12/2015
1642,Nina Mcdonald,2642 9th ,10/3/2014
1643,Reba Andrews,2643 4th ,3/26/2014
1644,Amy Atkinson,2644 8th ,7/6/2014
1645,Helene Cox,2645 Aloha,10/5/2014
1646,Lorraine Taylor,2646 6th ,5/21/2014
1647,Lottie Harper,2647 8th ,2/11/2015
1648,Rita Fox,2648 7th ,4/21/2015
1649,Sophia Murray,2649 Apache,6/22/2014
1650,Susan Poole,2650 6th ,6/15/2015
1651,Victoria Hudson,2651 9th ,2/5/2015
1652,Edythe Fisher,2652 6th ,3/12/2014
1653,Flora Adams,2653 8th ,6/1/2015
1654,Freida Matthews,2654 7th ,1/1/2015
1655,Isabel Cole,2655 6th ,6/11/2014
1656,Madge Turner,2656 8th ,12/19/2015
1657,Madonna Kennedy,2657 5th ,8/12/2015
1658,Margie Harrison,2658 Aloha,1/3/2014
1659,Sadie Stewart,2659 Apache,1/23/2015
1660,Anita Lane,2660 9th ,2/22/2014
1661,Cecilia Powell,2661 Airport,5/7/2015
1662,Constance West,2662 Aloha,6/23/2014
1663,Delores Ali,2663 4th ,10/22/2015
1664,Deloris Powell,2664 6th ,2/1/2015
1665,Dortha Gordon,2665 Airport,11/8/2015
1666,Dorthy Rose,2666 Apache,12/27/2015
1667,Hester Hunter,2667 Airport,6/22/2015
1668,Jeanne Harris,2668 6th ,1/9/2015
1669,Lillie Hall,2669 6th ,12/20/2014
1670,Madeline Pearce,2670 7th ,3/4/2015
1671,Nettie Young,2671 4th ,11/13/2015
1672,Rosalie Ross,2672 7th ,10/9/2015
1673,Cleo Johnston,2673 7th ,10/23/2015
1674,Garnet Hunter,2674 Aloha,8/7/2014
1675,Leah Hart,2675 6th ,2/26/2015
1676,Lorena Anderson,2676 3rd ,6/5/2014
1677,May Thomson,2677 8th ,12/16/2014
1678,Neva Turner,2678 7th ,5/16/2015
1679,Selma Hunter,2679 5th ,6/25/2014
1680,Wilda Wilson,2680 6th ,4/6/2015
1681,Alyce Phillips,2681 4th ,4/17/2014
1682,Ernestine Wilson,2682 6th ,2/8/2014
1683,Etta Price,2683 4th ,11/8/2014
1684,Patricia Morris,2684 3rd ,8/3/2014
1685,Cecelia Moore,2685 4th ,5/3/2015
1686,Christine Wilkinson,2686 Aloha,2/25/2014
1687,Fay Bell,2687 4th ,5/15/2015
1688,Francis Bennett,2688 5th ,10/24/2014
1689,Gene Gibson,2689 3rd ,12/1/2014
1690,Hattie Brown,2690 Apache,9/10/2015
1691,Nell Wright,2691 8th ,5/25/2014
1692,Reva Carter,2692 5th ,5/7/2014
1693,Rosa Lawson,2693 4th ,6/2/2014
1694,Sue Bell,2694 7th ,8/15/2014
1695,Zelma Kaur,2695 9th ,7/28/2015
1696,Angela Edwards,2696 9th ,2/25/2015
1697,Carmen Mcdonald,2697 5th ,4/7/2015
1698,Carol Holmes,2698 5th ,3/22/2014
1699,Garnett Ryan,2699 Airport,10/13/2015
1700,Janice Martin,2700 Aloha,1/25/2015
1701,Laverne Berry,2701 5th ,11/8/2015
1702,Mamie Andrews,2702 5th ,2/14/2014
1703,Maude Hudson,2703 5th ,3/17/2014
1704,Mona Harvey,2704 Airport,3/25/2014
1705,Orpha Harvey,2705 7th ,1/19/2014
1706,Rebecca Evans,2706 3rd ,3/3/2014
1707,Bernadine Stewart,2707 6th ,7/7/2014
1708,Charlene Jones,2708 9th ,12/24/2014
1709,Cornelia Cook,2709 9th ,8/15/2014
1710,Dollie Harrison,2710 Aloha,9/10/2014
1711,Elma Hunter,2711 8th ,4/8/2015
1712,Helena Turner,2712 5th ,6/19/2015
1713,Katheryn Jackson,2713 6th ,12/22/2014
1714,Mattie Ellis,2714 8th ,8/28/2014
1715,Sally Richards,2715 5th ,7/2/2014
1716,Adele Parker,2716 7th ,12/5/2014
1717,Annette Smith,2717 7th ,12/28/2014
1718,Audra Gill,2718 8th ,5/20/2014
1719,Avis Armstrong,2719 7th ,7/24/2015
1720,Estella Chambers,2720 Aloha,1/19/2014
1721,Ferne King,2721 9th ,11/18/2014
1722,Katie Lane,2722 Airport,8/7/2014
1723,Lenora Lawson,2723 9th ,10/17/2014
1724,Lora Mcdonald,2724 8th ,3/3/2015
1725,Lura Stevens,2725 5th ,6/2/2014
1726,Pansy Smith,2726 4th ,9/28/2015
1727,Peggy Clarke,2727 Airport,2/14/2015
1728,Rena Walker,2728 Aloha,7/25/2015
1729,Rosella Collins,2729 8th ,1/26/2014
1730,Vada Robinson,2730 Apache,8/6/2014
1731,Wilhelmina Adams,2731 4th ,8/19/2015
1732,Zella Pearce,2732 7th ,10/22/2014
1733,Annie Phillips,2733 5th ,1/13/2015
1734,Celia Phillips,2734 8th ,10/26/2015
1735,Christina Cook,2735 Airport,11/19/2015
1736,Effie Wilkinson,2736 9th ,4/18/2014
1737,Eula Allen,2737 3rd ,2/9/2014
1738,Evangeline Barnes,2738 7th ,1/1/2015
1739,Gayle Reynolds,2739 5th ,4/15/2015
1740,Hallie Robertson,2740 Airport,1/17/2015
1741,Lavon Johnson,2741 3rd ,12/1/2015
1742,Leota Lloyd,2742 3rd ,7/9/2014
1743,Letha Clark,2743 Airport,7/11/2014
1744,Marietta Hunt,2744 Apache,2/12/2015
1745,Matilda Cooper,2745 3rd ,5/16/2014
1746,Maudie Marshall,2746 8th ,6/15/2014
1747,Melba Allen,2747 Apache,7/17/2014
1748,Merle Palmer,2748 Aloha,8/28/2014
1749,Nadine Ellis,2749 Apache,12/18/2015
1750,Rhea West,2750 Aloha,6/28/2015
1751,Rosamond Kennedy,2751 8th ,4/11/2015
1752,Aileen Ryan,2752 8th ,10/12/2014
1753,Angeline Morgan,2753 9th ,5/22/2015
1754,Augusta Davis,2754 7th ,8/7/2014
1755,Berneice Lloyd,2755 3rd ,8/24/2014
1756,Beverly Butler,2756 Airport,2/20/2015
1757,Dessie Saunders,2757 Aloha,9/9/2015
1758,Fannie Watson,2758 Aloha,11/14/2014
1759,Ilene Anderson,2759 3rd ,9/21/2015
1760,Leola Hamilton,2760 6th ,11/13/2015
1761,Margery Holmes,2761 Apache,9/23/2015
1762,Regina Cole,2762 9th ,1/18/2015
1763,Rosetta Bennett,2763 6th ,9/17/2014
1764,Rowena Mason,2764 Apache,9/15/2014
1765,Susie Carr,2765 7th ,2/14/2015
1766,Wanita Brown,2766 4th ,5/11/2015
1767,Willa Walker,2767 Apache,12/10/2015
1768,Allegra Mills,2768 8th ,7/5/2014
1769,Amanda Thomas,2769 Aloha,6/6/2014
1770,Arlene Dixon,2770 7th ,12/27/2015
1771,Cecil Armstrong,2771 7th ,10/11/2015
1772,Clarice Dawson,2772 7th ,5/25/2014
1773,Clementine Bailey,2773 Aloha,7/25/2014
1774,Corinne Baker,2774 Aloha,11/20/2014
1775,Eugenia George,2775 3rd ,2/1/2014
1776,Freeda Thompson,2776 5th ,7/17/2015
1777,Hannah Bennett,2777 Apache,12/17/2015
1778,Ina Graham,2778 Airport,12/17/2015
1779,Iona Reid,2779 7th ,6/13/2015
1780,Jayne Rose,2780 Aloha,12/8/2015
1781,Jewell Carr,2781 Apache,9/23/2014
1782,Kathlyn Carter,2782 9th ,1/22/2014
1783,Leatha Knight,2783 4th ,10/12/2015
1784,Leora Evans,2784 4th ,8/2/2014
1785,Marjory Walker,2785 4th ,10/19/2014
1786,Mavis Russell,2786 7th ,3/11/2015
1787,Nola Mason,2787 9th ,9/15/2015
1788,Ora Hall,2788 8th ,5/8/2015
1789,Paula Lee,2789 Airport,6/23/2014
1790,Teresa Dean,2790 8th ,8/8/2015
1791,Treva Lloyd,2791 5th ,9/26/2014
1792,Virgie Gardner,2792 9th ,10/8/2015
1793,Waneta Lloyd,2793 5th ,8/5/2014
1794,Adah Grant,2794 Aloha,8/6/2015
1795,Alpha James,2795 6th ,2/21/2015
1796,Antoinette Gardner,2796 5th ,3/1/2015
1797,Cecile Richards,2797 6th ,6/13/2015
1798,Dorcas Ali,2798 6th ,10/6/2014
1799,Eleanore Wright,2799 5th ,4/19/2014
1800,Elva Stone,2800 6th ,9/10/2014
1801,Enid Gill,2801 7th ,11/11/2014
1802,Evalyn Khan,2802 Aloha,5/9/2015
1803,Georgiana Lee,2803 7th ,12/25/2015
1804,Glenna Jones,2804 7th ,6/11/2014
1805,Ione Hall,2805 5th ,9/26/2014
1806,Isabell Barker,2806 5th ,3/6/2014
1807,Jewel Harrison,2807 4th ,12/8/2015
1808,Judith Owen,2808 Aloha,5/7/2014
1809,Lelia Hudson,2809 Aloha,2/15/2015
1810,Louella Hart,2810 6th ,9/24/2014
1811,Magdalene Murphy,2811 4th ,11/20/2014
1812,Mayme Cooper,2812 Airport,5/7/2014
1813,Monica Green,2813 Aloha,6/1/2014
1814,Roselyn Cooper,2814 7th ,5/17/2014
1815,Roxie Gardner,2815 8th ,10/11/2014
1816,Suzanne Knight,2816 7th ,3/16/2014
1817,Tressie James,2817 3rd ,7/1/2015
1818,Velva Mills,2818 5th ,10/4/2014
1819,Venita Marshall,2819 Apache,2/8/2014
1820,Almeda Morris,2820 3rd ,7/21/2015
1821,Alvina Ryan,2821 Aloha,11/17/2015
1822,Annabel Dawson,2822 Aloha,9/15/2015
1823,Bernadette Gray,2823 9th ,2/28/2014
1824,Blanch Robinson,2824 5th ,10/14/2014
1825,Dolly Atkinson,2825 Apache,10/22/2015
1826,Fae Barnes,2826 4th ,5/7/2015
1827,Florine Green,2827 9th ,3/8/2015
1828,Iola Williams,2828 8th ,12/7/2015
1829,Joy Barker,2829 Aloha,3/22/2015
1830,Katharine Collins,2830 8th ,1/15/2015
1831,Kathern Cox,2831 Apache,6/17/2015
1832,Lauretta Price,2832 9th ,7/20/2015
1833,Lila Hart,2833 6th ,1/22/2015
1834,Marilynn Spencer,2834 6th ,2/2/2014
1835,Marybelle Dawson,2835 7th ,5/1/2015
1836,Maryellen Lawson,2836 7th ,11/6/2014
1837,Nelda Jackson,2837 4th ,10/10/2015
1838,Oma Harris,2838 3rd ,1/17/2014
1839,Philomena Edwards,2839 4th ,7/13/2015
1840,Rosalind Macdonald,2840 6th ,5/11/2015
1841,Rozella Wells,2841 3rd ,12/5/2014
1842,Shirley Bell,2842 Airport,9/4/2015
1843,Stephanie Fisher,2843 Apache,12/28/2014
1844,Valada Harris,2844 3rd ,4/24/2014
1845,Veronica Reynolds,2845 Aloha,3/20/2014
1846,Zelda Phillips,2846 Airport,4/20/2014
1847,Zola Bradley,2847 3rd ,9/15/2014
1848,Agatha Lloyd,2848 7th ,8/26/2015
1849,Annabell Taylor,2849 3rd ,11/1/2014
1850,Arline Pearson,2850 9th ,2/13/2015
1851,Beryl Lloyd,2851 3rd ,7/11/2015
1852,Bethel Stevens,2852 Airport,1/25/2014
1853,Billie Wells,2853 Aloha,11/7/2015
1854,Cathryn Fox,2854 9th ,10/3/2014
1855,Chloe Hall,2855 3rd ,12/3/2014
1856,Claire James,2856 7th ,8/28/2014
1857,Claudia Stewart,2857 8th ,8/11/2014
1858,Cordelia Miller,2858 Airport,8/5/2014
1859,Cynthia Rogers,2859 Apache,12/13/2015
1860,Edwina Robertson,2860 Apache,12/15/2015
1861,Elinor George,2861 3rd ,7/3/2014
1862,Elisabeth Wilkinson,2862 4th ,6/20/2014
1863,Elvera Owen,2863 6th ,10/28/2014
1864,Elvira Lewis,2864 Apache,3/19/2014
1865,Essie West,2865 3rd ,2/9/2015
1866,Esta Knight,2866 5th ,3/5/2015
1867,Flo Davis,2867 6th ,8/20/2015
1868,Garnette Clark,2868 8th ,9/26/2015
1869,Germaine Baker,2869 4th ,4/22/2015
1870,Glendora Walsh,2870 4th ,2/27/2014
1871,Golda Thompson,2871 5th ,8/24/2015
1872,Harriette Webb,2872 7th ,4/26/2014
1873,Hildegarde Lane,2873 7th ,7/1/2015
1874,Hildreth Poole,2874 Apache,8/26/2014
1875,Hope Johnson,2875 5th ,9/14/2014
1876,Hortense Thompson,2876 3rd ,10/14/2015
1877,Hulda Wilkinson,2877 3rd ,12/25/2015
1878,Jaunita Stewart,2878 7th ,3/15/2015
1879,Justine James,2879 9th ,1/21/2015
1880,Kathryne Kaur,2880 Aloha,10/11/2015
1881,Lee Robinson,2881 7th ,1/19/2015
1882,Lenore Watts,2882 6th ,4/1/2014
1883,Leone Griffiths,2883 Aloha,12/8/2014
1884,Louisa Richards,2884 Apache,5/16/2015
1885,Magdalen Murphy,2885 8th ,8/2/2014
1886,Marcia Brooks,2886 3rd ,12/11/2014
1887,Margarete Mason,2887 9th ,5/14/2014
1888,Maud Adams,2888 Airport,1/2/2015
1889,Maurine Pearson,2889 3rd ,3/8/2014
1890,Melvina Mitchell,2890 3rd ,8/15/2014
1891,Meredith Young,2891 5th ,9/16/2015
1892,Myra Williams,2892 9th ,3/14/2014
1893,Nedra Kelly,2893 Airport,8/19/2014
1894,Neoma Edwards,2894 7th ,7/6/2014
1895,Nila Gardner,2895 6th ,12/23/2015
1896,Ola Ellis,2896 Airport,11/11/2014
1897,Phoebe Rose,2897 8th ,12/3/2015
1898,Ramona Thompson,2898 8th ,8/14/2015
1899,Rhoda Murphy,2899 3rd ,6/11/2014
1900,Rosie Macdonald,2900 6th ,8/14/2015
1901,Una Atkinson,2901 Apache,11/4/2014
1902,Verla Lee,2902 Airport,3/17/2014
1903,Vesta Jones,2903 Aloha,8/26/2014
1904,Wava King,2904 Apache,2/24/2015
1905,Yvonne Roberts,2905 Apache,8/3/2014
1906,Mary Marshall,2906 7th ,8/20/2014
1907,Helen Harvey,2907 4th ,1/7/2014
1908,Dorothy Stevens,2908 Airport,9/17/2014
1909,Margaret Turner,2909 8th ,8/4/2014
1910,Ruth Gordon,2910 8th ,1/13/2015
1911,Mildred Thompson,2911 6th ,2/12/2014
1912,Martha Pearson,2912 Airport,6/14/2015
1913,Virginia Davies,2913 Airport,11/9/2015
1914,Frances Cook,2914 5th ,9/16/2014
1915,Anna Cole,2915 7th ,10/1/2015
1916,Elizabeth Gill,2916 9th ,1/23/2015
1917,Evelyn Matthews,2917 4th ,7/9/2015
1918,Alice Collins,2918 5th ,8/25/2014
1919,Marjorie Shaw,2919 4th ,3/7/2015
1920,Esther James,2920 7th ,8/10/2015
1921,Thelma Brooks,2921 Apache,5/2/2014
1922,Marie Green,2922 3rd ,11/12/2015
1923,Florence King,2923 3rd ,7/3/2015
1924,Edna Robertson,2924 9th ,4/4/2014
1925,Catherine Williamson,2925 9th ,12/28/2014
1926,Irene Watson,2926 5th ,3/3/2014
1927,Doris Cooper,2927 Aloha,1/26/2015
1928,Pauline Taylor,2928 3rd ,8/18/2015
1929,Lois Harper,2929 Airport,2/10/2015
1930,Edith Stewart,2930 Aloha,4/6/2014
1931,Lucille Mason,2931 9th ,12/4/2015
1932,Hazel Murray,2932 8th ,8/16/2014
1933,Louise Williams,2933 Aloha,8/23/2014
1934,Betty Harris,2934 5th ,2/25/2014
1935,Gladys Graham,2935 Apache,11/6/2014
1936,Kathryn Hart,2936 Airport,1/27/2015
1937,Ruby Gill,2937 Airport,7/20/2015
1938,Wilma Mitchell,2938 9th ,4/2/2014
1939,Lillian Pearson,2939 Airport,2/18/2015
1940,Maxine Martin,2940 Airport,11/4/2015
1941,Ethel Lloyd,2941 7th ,8/5/2014
1942,Josephine Allen,2942 3rd ,1/16/2015
1943,Katherine Reid,2943 Apache,3/24/2014
1944,Bernice Lewis,2944 Apache,5/9/2015
1945,Clara Hill,2945 Airport,8/1/2015
1946,Vera Taylor,2946 3rd ,12/21/2014
1947,Grace Wright,2947 6th ,2/26/2014
1948,Mabel Shaw,2948 5th ,7/14/2015
1949,Ann Gordon,2949 6th ,10/10/2014
1950,Gertrude Chapman,2950 7th ,5/14/2015
1951,Eleanor Bennett,2951 6th ,7/28/2015
1952,Sarah Ross,2952 7th ,11/28/2014
1953,Juanita Ryan,2953 Aloha,10/10/2015
1954,Violet Martin,2954 7th ,5/8/2014
1955,Elsie Bell,2955 Aloha,6/4/2014
1956,Jane Armstrong,2956 Apache,11/24/2014
1957,Julia Poole,2957 5th ,3/20/2014
1958,Opal Scott,2958 4th ,10/4/2015
1959,Eva Wood,2959 5th ,2/22/2015
1960,Rose Hunter,2960 7th ,9/16/2014
1961,Emma Harvey,2961 3rd ,3/17/2014
1962,June Fisher,2962 Airport,2/27/2014
1963,Agnes Simpson,2963 Apache,4/7/2015
1964,Alma Dean,2964 7th ,11/17/2015
1965,Genevieve Stone,2965 3rd ,4/16/2014
1966,Bertha Russell,2966 4th ,7/6/2014
1967,Vivian Harper,2967 Apache,4/25/2015
1968,Nellie Hart,2968 8th ,5/3/2015
1969,Jean Matthews,2969 5th ,6/9/2015
1970,Marian Butler,2970 5th ,2/6/2015
1971,Beulah Macdonald,2971 Apache,2/25/2014
1972,Geraldine Gray,2972 7th ,4/15/2015
1973,Leona Gordon,2973 4th ,9/22/2014
1974,Marguerite Wilkinson,2974 6th ,10/5/2014
1975,Geneva Khan,2975 8th ,3/15/2014
1976,Bessie Cox,2976 3rd ,7/11/2015
1977,Velma Lane,2977 Airport,9/14/2015
1978,Ellen Kaur,2978 9th ,8/8/2015
1979,Pearl Fisher,2979 Aloha,7/5/2015
1980,Ida Kennedy,2980 7th ,6/2/2015
1981,Anne Wilkinson,2981 Apache,11/21/2014
1982,Laura Harris,2982 5th ,2/21/2014
1983,Rosemary Thomson,2983 Apache,12/1/2014
1984,Viola Ward,2984 9th ,6/14/2014
1985,Beatrice Owen,2985 Apache,5/13/2015
1986,Charlotte Hunter,2986 Apache,10/6/2015
1987,Kathleen Lane,2987 7th ,2/1/2014
1988,Norma Cunningham,2988 4th ,7/27/2015
1989,Naomi Carter,2989 7th ,9/6/2014
1990,Eileen Palmer,2990 9th ,4/24/2014
1991,Stella Gill,2991 9th ,8/3/2015
1992,Barbara Hall,2992 6th ,12/22/2015
1993,Alberta Spencer,2993 6th ,11/15/2014
1994,Olive Harper,2994 4th ,5/12/2014
1995,Harriet Davis,2995 7th ,11/14/2014
1996,Audrey Davis,2996 5th ,11/19/2015
1997,Hilda Saunders,2997 Aloha,2/23/2014
1998,Loretta Johnston,2998 6th ,7/3/2015
1999,Georgia Wright,2999 8th ,1/18/2014
2000,Myrtle Griffiths,3000 6th ,12/23/2014
