Name,Price
Raisin Bran 567 gr/20 oz 4,4.06
Regular Rice MAHATMA 1 Kg 1,10.95
Honey SUE BEE 340 gr/12 oz 3,7.47
Jack Daniels Black Tenessee 75 cl,2.43
Pineapple DEL VALLE 1 L 1,9.88
Black Olives 250 gr 2,6.07
Mozzarella 125 g,3.29
Crackers,7.72
Pina Colada Mix 1 L 2,7.72
Martini White 1 L 7,4.03
Canned or Packed,7.75
Capres MAILLE 85 gr 7,3.44
Whiskey Scotch,10.34
Red pepper 500 gr,3.99
Salmon 3 Filets 22,6.17
Aluminium Foil Diamond 150 13,2.93
Amstel Light (cans) 6 x 33 cl 4,8.1
Malibu 1 L 7,3.59
Yoghurts,9.75
Peach Ice Tea OASIS 33 cl 0,8.74
New Product 1,2.52
New Product 2,9.11
New Product 3,5.43
